Date/Time,Calling #,Called #,Duration,Amount,Tax,Total,Destination,Extension
07/31/2023 17:08:33,18885551212,18665551212,2 min,$0.0000,$0.0000,$0.0000,Incoming,
07/31/2023 17:08:40,18885551212,18665551212,1 min,$0.0000,$0.0000,$0.0000,Incoming,100
07/31/2023 16:58:48,18885551212,18665551212,1 min,$0.0000,$0.0000,$0.0000,Incoming,
07/31/2023 16:10:58,18885551212,18665551212,1 min,$0.0000,$0.0000,$0.0000,Incoming,
07/31/2023 15:50:59,18885551212,18665551212,1 min,$0.0000,$0.0000,$0.0000,Incoming,
07/31/2023 13:50:32,18885551212,18665551212,1 min,$0.0000,$0.0000,$0.0000,Incoming,
07/31/2023 12:24:34,18885551212,18665551212,12 min,$0.0000,$0.0000,$0.0000,Incoming,100
07/31/2023 12:24:28,18885551212,18665551212,13 min,$0.0000,$0.0000,$0.0000,Incoming,
07/31/2023 10:25:44,18885551212,18665551212,1 min,$0.0000,$0.0000,$0.0000,Incoming,100
07/31/2023 10:25:37,18885551212,18665551212,1 min,$0.0000,$0.0000,$0.0000,Incoming,
07/31/2023 09:30:38,18885551212,18665551212,1 min,$0.0000,$0.0000,$0.0000,Incoming,
07/31/2023 09:05:25,18885551212,18665551212,1 min,$0.0000,$0.0000,$0.0000,Incoming,
07/29/2023 09:37:07,18885551212,18665551212,1 min,$0.0000,$0.0000,$0.0000,Incoming,
07/28/2023 20:13:27,18885551212,18665551212,1 min,$0.0000,$0.0000,$0.0000,Incoming,
07/28/2023 17:33:44,18885551212,18665551212,11 min,$0.0000,$0.0000,$0.0000,Incoming,100
07/28/2023 17:01:03,18885551212,18665551212,29 min,$0.0000,$0.0000,$0.0000,Incoming,100
07/28/2023 17:23:55,18885551212,18665551212,1 min,$0.0000,$0.0000,$0.0000,Incoming,
07/28/2023 17:11:23,18885551212,18665551212,1 min,$0.0000,$0.0000,$0.0000,Incoming,
07/28/2023 14:29:33,18885551212,18665551212,1 min,$0.0000,$0.0000,$0.0000,Incoming,
07/28/2023 12:58:34,18885551212,18665551212,1 min,$0.0000,$0.0000,$0.0000,Incoming,
07/28/2023 12:47:08,18885551212,18665551212,1 min,$0.0000,$0.0000,$0.0000,Incoming,
07/28/2023 10:49:38,18885551212,18665551212,3 min,$0.0000,$0.0000,$0.0000,Incoming,100
07/28/2023 10:48:43,18885551212,18665551212,1 min,$0.0000,$0.0000,$0.0000,Incoming,100
07/27/2023 16:18:56,18885551212,18665551212,1 min,$0.0000,$0.0000,$0.0000,Incoming,
07/27/2023 13:03:45,18885551212,18665551212,0 min,$0.0000,$0.0000,$0.0000,Incoming,100
07/27/2023 13:03:31,18885551212,18665551212,1 min,$0.0000,$0.0000,$0.0000,Incoming,
07/27/2023 12:38:07,18885551212,18665551212,1 min,$0.0000,$0.0000,$0.0000,Incoming,
07/27/2023 12:17:07,18885551212,18665551212,1 min,$0.0000,$0.0000,$0.0000,Incoming,
07/27/2023 10:46:44,18885551212,18665551212,1 min,$0.0000,$0.0000,$0.0000,Incoming,
07/26/2023 18:01:22,18885551212,18665551212,1 min,$0.0000,$0.0000,$0.0000,Incoming,
07/26/2023 15:01:14,18885551212,18665551212,1 min,$0.0000,$0.0000,$0.0000,Incoming,
07/26/2023 13:57:49,18885551212,18665551212,1 min,$0.0000,$0.0000,$0.0000,Incoming,
07/26/2023 13:36:25,18885551212,18665551212,5 min,$0.0000,$0.0000,$0.0000,Incoming,
07/26/2023 13:36:32,18885551212,18665551212,4 min,$0.0000,$0.0000,$0.0000,Incoming,100
07/26/2023 13:10:57,18885551212,18665551212,1 min,$0.0000,$0.0000,$0.0000,Incoming,
07/26/2023 12:41:48,18885551212,18665551212,1 min,$0.0000,$0.0000,$0.0000,Incoming,
07/26/2023 12:31:27,18885551212,18665551212,1 min,$0.0000,$0.0000,$0.0000,Incoming,
07/26/2023 11:42:23,18885551212,18665551212,3 min,$0.0000,$0.0000,$0.0000,Incoming,100
07/26/2023 11:41:28,18885551212,18665551212,1 min,$0.0000,$0.0000,$0.0000,Incoming,
07/25/2023 16:37:29,18885551212,18665551212,1 min,$0.0000,$0.0000,$0.0000,Incoming,
07/25/2023 16:01:47,18885551212,18665551212,1 min,$0.0000,$0.0000,$0.0000,Incoming,
07/25/2023 15:23:33,18885551212,18665551212,1 min,$0.0000,$0.0000,$0.0000,Incoming,
07/25/2023 15:10:50,18885551212,18665551212,1 min,$0.0000,$0.0000,$0.0000,Incoming,
07/25/2023 13:21:43,18885551212,18665551212,1 min,$0.0000,$0.0000,$0.0000,Incoming,
07/25/2023 13:08:12,18885551212,18665551212,1 min,$0.0000,$0.0000,$0.0000,Incoming,
07/25/2023 12:00:10,18885551212,18665551212,1 min,$0.0000,$0.0000,$0.0000,Incoming,
07/25/2023 11:30:53,18885551212,18665551212,1 min,$0.0000,$0.0000,$0.0000,Incoming,
07/25/2023 10:40:10,18885551212,18665551212,1 min,$0.0000,$0.0000,$0.0000,Incoming,
07/25/2023 09:37:12,18885551212,18665551212,1 min,$0.0000,$0.0000,$0.0000,Incoming,
07/25/2023 09:23:03,18885551212,18665551212,1 min,$0.0000,$0.0000,$0.0000,Incoming,
07/24/2023 17:02:10,18885551212,18665551212,1 min,$0.0000,$0.0000,$0.0000,Incoming,
07/24/2023 16:49:07,18885551212,18665551212,1 min,$0.0000,$0.0000,$0.0000,Incoming,
07/24/2023 16:17:12,18885551212,18665551212,0 min,$0.0000,$0.0000,$0.0000,Incoming,100
07/24/2023 16:17:06,18885551212,18665551212,1 min,$0.0000,$0.0000,$0.0000,Incoming,
07/24/2023 16:15:27,18885551212,18665551212,2 min,$0.0000,$0.0000,$0.0000,Incoming,
07/24/2023 16:15:34,18885551212,18665551212,1 min,$0.0000,$0.0000,$0.0000,Incoming,100
07/24/2023 15:22:21,18885551212,18665551212,4 min,$0.0000,$0.0000,$0.0000,United States Freephone,100
07/24/2023 14:42:46,18885551212,18665551212,1 min,$0.0000,$0.0000,$0.0000,Incoming,
07/24/2023 14:06:24,18885551212,18665551212,1 min,$0.0000,$0.0000,$0.0000,Incoming,
07/24/2023 11:18:51,18885551212,18665551212,1 min,$0.0000,$0.0000,$0.0000,Incoming,
07/24/2023 11:07:34,18885551212,18665551212,3 min,$0.0000,$0.0000,$0.0000,United States Freephone,100
07/24/2023 11:03:09,18885551212,18665551212,3 min,$0.0000,$0.0000,$0.0000,United States Freephone,100
07/24/2023 10:41:23,18885551212,18665551212,4 min,$0.0000,$0.0000,$0.0000,Incoming,
07/24/2023 10:41:31,18885551212,18665551212,3 min,$0.0000,$0.0000,$0.0000,Incoming,100
07/24/2023 10:07:11,18885551212,18665551212,1 min,$0.0000,$0.0000,$0.0000,Incoming,
07/24/2023 09:39:05,18885551212,18665551212,1 min,$0.0000,$0.0000,$0.0000,Incoming,
07/23/2023 14:31:24,18885551212,18665551212,1 min,$0.0000,$0.0000,$0.0000,Incoming,
07/22/2023 17:11:29,18885551212,18665551212,1 min,$0.0000,$0.0000,$0.0000,Incoming,
07/22/2023 17:11:38,18885551212,18665551212,1 min,$0.0000,$0.0000,$0.0000,Incoming,
07/22/2023 10:32:47,18885551212,18665551212,12 min,$0.0000,$0.0000,$0.0000,United States Freephone,100
07/22/2023 10:24:33,18885551212,18665551212,2 min,$0.0000,$0.0000,$0.0000,United States Domestic,100
07/21/2023 20:19:45,18885551212,18665551212,1 min,$0.0000,$0.0000,$0.0000,Incoming,
07/21/2023 16:26:53,18885551212,18665551212,1 min,$0.0000,$0.0000,$0.0000,Incoming,
07/21/2023 12:12:21,18885551212,18665551212,1 min,$0.0000,$0.0000,$0.0000,Incoming,
07/21/2023 09:49:59,18885551212,18665551212,1 min,$0.0000,$0.0000,$0.0000,Incoming,
07/20/2023 19:15:06,18885551212,18665551212,19 min,$0.0000,$0.0000,$0.0000,Incoming,100
07/20/2023 13:20:03,18885551212,18665551212,1 min,$0.0000,$0.0000,$0.0000,Incoming,
07/20/2023 09:57:04,18885551212,18665551212,12 min,$0.0000,$0.0000,$0.0000,Incoming,100
07/20/2023 09:56:54,18885551212,18665551212,13 min,$0.0000,$0.0000,$0.0000,Incoming,
07/19/2023 20:07:08,18885551212,18665551212,1 min,$0.0000,$0.0000,$0.0000,Incoming,
07/19/2023 16:03:22,18885551212,18665551212,1 min,$0.0000,$0.0000,$0.0000,Incoming,
07/19/2023 15:45:51,18885551212,18665551212,1 min,$0.0000,$0.0000,$0.0000,Incoming,
07/19/2023 15:39:42,18885551212,18665551212,1 min,$0.0000,$0.0000,$0.0000,Incoming,
07/19/2023 13:13:46,18885551212,18665551212,10 min,$0.0000,$0.0000,$0.0000,United States Freephone,100
07/19/2023 13:19:30,18885551212,18665551212,1 min,$0.0000,$0.0000,$0.0000,Incoming,
07/19/2023 12:57:40,18885551212,18665551212,1 min,$0.0000,$0.0000,$0.0000,Incoming,
07/19/2023 11:36:24,18885551212,18665551212,1 min,$0.0000,$0.0000,$0.0000,Incoming,
07/19/2023 10:26:01,18885551212,18665551212,1 min,$0.0000,$0.0000,$0.0000,Incoming,
07/19/2023 08:29:18,18885551212,18665551212,2 min,$0.0000,$0.0000,$0.0000,United States Domestic,100
07/18/2023 17:13:41,18885551212,18665551212,1 min,$0.0000,$0.0000,$0.0000,Incoming,
07/18/2023 17:09:28,18885551212,18665551212,1 min,$0.0000,$0.0000,$0.0000,Incoming,
07/18/2023 17:09:16,18885551212,18665551212,1 min,$0.0000,$0.0000,$0.0000,Incoming,
07/18/2023 16:53:34,18885551212,18665551212,1 min,$0.0000,$0.0000,$0.0000,Incoming,
07/18/2023 13:57:10,18885551212,18665551212,1 min,$0.0000,$0.0000,$0.0000,Incoming,
07/18/2023 13:53:19,18885551212,18665551212,2 min,$0.0000,$0.0000,$0.0000,Incoming,
07/18/2023 13:53:30,18885551212,18665551212,0 min,$0.0000,$0.0000,$0.0000,Incoming,100
07/18/2023 13:13:04,18885551212,18665551212,1 min,$0.0000,$0.0000,$0.0000,Incoming,100
07/18/2023 12:54:58,18885551212,18665551212,1 min,$0.0000,$0.0000,$0.0000,Incoming,
07/18/2023 12:41:12,18885551212,18665551212,1 min,$0.0000,$0.0000,$0.0000,Incoming,
07/18/2023 11:09:31,18885551212,18665551212,1 min,$0.0000,$0.0000,$0.0000,Incoming,
07/18/2023 10:56:41,18885551212,18665551212,1 min,$0.0000,$0.0000,$0.0000,Incoming,
07/18/2023 09:32:43,18885551212,18665551212,1 min,$0.0000,$0.0000,$0.0000,Incoming,
07/17/2023 18:34:34,18885551212,18665551212,1 min,$0.0000,$0.0000,$0.0000,Incoming,
07/17/2023 17:34:33,18885551212,18665551212,29 min,$0.0000,$0.0000,$0.0000,Incoming,100
07/17/2023 16:52:15,18885551212,18665551212,1 min,$0.0000,$0.0000,$0.0000,Incoming,
07/17/2023 15:30:08,18885551212,18665551212,1 min,$0.0000,$0.0000,$0.0000,Incoming,
07/17/2023 15:25:51,18885551212,18665551212,1 min,$0.0000,$0.0000,$0.0000,Incoming,
07/17/2023 13:37:39,18885551212,18665551212,1 min,$0.0000,$0.0000,$0.0000,Incoming,
07/17/2023 13:31:27,18885551212,18665551212,1 min,$0.0000,$0.0000,$0.0000,Incoming,
07/17/2023 13:05:55,18885551212,18665551212,1 min,$0.0000,$0.0000,$0.0000,Incoming,
07/17/2023 12:55:28,18885551212,18665551212,1 min,$0.0000,$0.0000,$0.0000,Incoming,100
07/17/2023 12:54:15,18885551212,18665551212,0 min,$0.0000,$0.0000,$0.0000,Incoming,100
07/17/2023 12:53:25,18885551212,18665551212,1 min,$0.0000,$0.0000,$0.0000,United States Domestic,100
07/17/2023 12:52:33,18885551212,18665551212,1 min,$0.0000,$0.0000,$0.0000,United States Domestic,100
07/17/2023 12:00:18,18885551212,18665551212,1 min,$0.0000,$0.0000,$0.0000,Incoming,
07/17/2023 11:23:36,18885551212,18665551212,1 min,$0.0000,$0.0000,$0.0000,Incoming,
07/17/2023 11:17:41,18885551212,18665551212,1 min,$0.0000,$0.0000,$0.0000,Incoming,
07/17/2023 10:27:40,18885551212,18665551212,1 min,$0.0000,$0.0000,$0.0000,Incoming,
07/17/2023 10:22:04,18885551212,18665551212,1 min,$0.0000,$0.0000,$0.0000,Incoming,
07/17/2023 10:15:24,18885551212,18665551212,1 min,$0.0000,$0.0000,$0.0000,Incoming,
07/17/2023 08:56:20,18885551212,18665551212,1 min,$0.0000,$0.0000,$0.0000,Incoming,
07/15/2023 19:56:11,18885551212,18665551212,1 min,$0.0000,$0.0000,$0.0000,Incoming,
07/15/2023 18:06:16,18885551212,18665551212,1 min,$0.0000,$0.0000,$0.0000,Incoming,
07/15/2023 16:28:36,18885551212,18665551212,6 min,$0.0000,$0.0000,$0.0000,United States Freephone,100
07/15/2023 14:45:10,18885551212,18665551212,1 min,$0.0000,$0.0000,$0.0000,Incoming,
07/14/2023 20:41:49,18885551212,18665551212,1 min,$0.0000,$0.0000,$0.0000,Incoming,
07/14/2023 20:15:21,18885551212,18665551212,1 min,$0.0000,$0.0000,$0.0000,Incoming,
07/14/2023 18:39:08,18885551212,18665551212,1 min,$0.0000,$0.0000,$0.0000,Incoming,
07/14/2023 18:20:03,18885551212,18665551212,1 min,$0.0000,$0.0000,$0.0000,Incoming,
07/14/2023 18:07:40,18885551212,18665551212,1 min,$0.0000,$0.0000,$0.0000,Incoming,
07/14/2023 17:16:22,18885551212,18665551212,4 min,$0.0000,$0.0000,$0.0000,Incoming,100
07/14/2023 15:53:40,18885551212,18665551212,1 min,$0.0000,$0.0000,$0.0000,Incoming,
07/14/2023 15:51:07,18885551212,18665551212,1 min,$0.0000,$0.0000,$0.0000,Incoming,
07/14/2023 15:34:39,18885551212,18665551212,1 min,$0.0000,$0.0000,$0.0000,Incoming,
07/14/2023 14:59:42,18885551212,18665551212,1 min,$0.0000,$0.0000,$0.0000,Incoming,
07/14/2023 14:38:44,18885551212,18665551212,1 min,$0.0000,$0.0000,$0.0000,Incoming,
07/14/2023 14:11:37,18885551212,18665551212,1 min,$0.0000,$0.0000,$0.0000,Incoming,
07/14/2023 13:32:57,18885551212,18665551212,1 min,$0.0000,$0.0000,$0.0000,Incoming,
07/14/2023 13:17:54,18885551212,18665551212,1 min,$0.0000,$0.0000,$0.0000,Incoming,
07/14/2023 12:37:05,18885551212,18665551212,1 min,$0.0000,$0.0000,$0.0000,Incoming,
07/14/2023 12:06:27,18885551212,18665551212,1 min,$0.0000,$0.0000,$0.0000,Incoming,
07/14/2023 10:51:02,18885551212,18665551212,1 min,$0.0000,$0.0000,$0.0000,Incoming,
07/14/2023 09:55:35,18885551212,18665551212,1 min,$0.0000,$0.0000,$0.0000,Incoming,
07/14/2023 09:15:28,18885551212,18665551212,1 min,$0.0000,$0.0000,$0.0000,Incoming,
07/14/2023 09:09:41,18885551212,18665551212,1 min,$0.0000,$0.0000,$0.0000,Incoming,
07/13/2023 22:05:28,18885551212,18665551212,1 min,$0.0000,$0.0000,$0.0000,Incoming,
07/13/2023 19:47:54,18885551212,18665551212,1 min,$0.0000,$0.0000,$0.0000,Incoming,
07/13/2023 19:06:42,18885551212,18665551212,1 min,$0.0000,$0.0000,$0.0000,Incoming,
07/13/2023 19:02:05,18885551212,18665551212,3 min,$0.0000,$0.0000,$0.0000,United States Domestic,100
07/13/2023 18:38:56,18885551212,18665551212,21 min,$0.0000,$0.0000,$0.0000,Incoming,100
07/13/2023 16:25:44,18885551212,18665551212,1 min,$0.0000,$0.0000,$0.0000,Incoming,
07/13/2023 14:53:24,18885551212,18665551212,1 min,$0.0000,$0.0000,$0.0000,Incoming,
07/13/2023 14:37:59,18885551212,18665551212,1 min,$0.0000,$0.0000,$0.0000,Incoming,
07/13/2023 13:37:36,18885551212,18665551212,1 min,$0.0000,$0.0000,$0.0000,Incoming,
07/13/2023 12:41:47,18885551212,18665551212,1 min,$0.0000,$0.0000,$0.0000,Incoming,
07/13/2023 10:17:45,18885551212,18665551212,1 min,$0.0000,$0.0000,$0.0000,Incoming,
07/13/2023 10:09:27,18885551212,18665551212,1 min,$0.0000,$0.0000,$0.0000,Incoming,
07/12/2023 18:32:27,18885551212,18665551212,1 min,$0.0000,$0.0000,$0.0000,Incoming,
07/12/2023 17:15:42,18885551212,18665551212,29 min,$0.0000,$0.0000,$0.0000,United States Domestic,100
07/12/2023 17:33:42,18885551212,18665551212,1 min,$0.0000,$0.0000,$0.0000,Incoming,
07/12/2023 15:32:41,18885551212,18665551212,1 min,$0.0000,$0.0000,$0.0000,Incoming,
07/12/2023 15:17:09,18885551212,18665551212,1 min,$0.0000,$0.0000,$0.0000,Incoming,
07/12/2023 15:15:56,18885551212,18665551212,1 min,$0.0000,$0.0000,$0.0000,Incoming,
07/12/2023 14:32:55,18885551212,18665551212,1 min,$0.0000,$0.0000,$0.0000,Incoming,
07/12/2023 13:48:15,18885551212,18665551212,1 min,$0.0000,$0.0000,$0.0000,Incoming,
07/12/2023 13:04:06,18885551212,18665551212,1 min,$0.0000,$0.0000,$0.0000,Incoming,
07/12/2023 11:49:20,18885551212,18665551212,1 min,$0.0000,$0.0000,$0.0000,Incoming,
07/12/2023 10:28:54,18885551212,18665551212,1 min,$0.0000,$0.0000,$0.0000,Incoming,
07/12/2023 10:15:14,18885551212,18665551212,1 min,$0.0000,$0.0000,$0.0000,Incoming,
07/12/2023 08:19:35,18885551212,18665551212,1 min,$0.0000,$0.0000,$0.0000,Incoming,
07/11/2023 19:42:22,18885551212,18665551212,1 min,$0.0000,$0.0000,$0.0000,Incoming,
07/11/2023 17:49:19,18885551212,18665551212,1 min,$0.0000,$0.0000,$0.0000,Incoming,
07/11/2023 15:31:42,18885551212,18665551212,1 min,$0.0000,$0.0000,$0.0000,Incoming,
07/11/2023 14:55:32,18885551212,18665551212,1 min,$0.0000,$0.0000,$0.0000,Incoming,
07/11/2023 14:13:49,18885551212,18665551212,1 min,$0.0000,$0.0000,$0.0000,Incoming,
07/11/2023 12:23:49,18885551212,18665551212,1 min,$0.0000,$0.0000,$0.0000,Incoming,
07/11/2023 11:43:36,18885551212,18665551212,1 min,$0.0000,$0.0000,$0.0000,Incoming,
07/11/2023 10:58:54,18885551212,18665551212,1 min,$0.0000,$0.0000,$0.0000,Incoming,
07/11/2023 09:53:23,18885551212,18665551212,1 min,$0.0000,$0.0000,$0.0000,Incoming,
07/10/2023 20:59:37,18885551212,18665551212,1 min,$0.0000,$0.0000,$0.0000,Incoming,
07/10/2023 19:53:59,18885551212,18665551212,1 min,$0.0000,$0.0000,$0.0000,Incoming,
07/10/2023 18:57:56,18885551212,18665551212,1 min,$0.0000,$0.0000,$0.0000,Incoming,
07/10/2023 17:48:49,18885551212,18665551212,1 min,$0.0000,$0.0000,$0.0000,Incoming,
07/10/2023 17:24:12,18885551212,18665551212,1 min,$0.0000,$0.0000,$0.0000,Incoming,
07/10/2023 17:06:15,18885551212,18665551212,1 min,$0.0000,$0.0000,$0.0000,Incoming,
07/10/2023 17:02:50,18885551212,18665551212,1 min,$0.0000,$0.0000,$0.0000,Incoming,
07/10/2023 15:23:50,18885551212,18665551212,1 min,$0.0000,$0.0000,$0.0000,Incoming,
07/10/2023 14:28:39,18885551212,18665551212,1 min,$0.0000,$0.0000,$0.0000,Incoming,
07/10/2023 14:10:16,18885551212,18665551212,1 min,$0.0000,$0.0000,$0.0000,Incoming,
07/10/2023 13:06:01,18885551212,18665551212,1 min,$0.0000,$0.0000,$0.0000,Incoming,
07/10/2023 12:44:22,18885551212,18665551212,1 min,$0.0000,$0.0000,$0.0000,Incoming,
07/10/2023 12:42:38,18885551212,18665551212,1 min,$0.0000,$0.0000,$0.0000,Incoming,
07/10/2023 12:41:16,18885551212,18665551212,1 min,$0.0000,$0.0000,$0.0000,Incoming,
07/10/2023 11:27:20,18885551212,18665551212,2 min,$0.0000,$0.0000,$0.0000,Incoming,100
07/10/2023 11:23:16,18885551212,18665551212,2 min,$0.0000,$0.0000,$0.0000,United States Freephone,100
07/10/2023 11:09:07,18885551212,18665551212,2 min,$0.0000,$0.0000,$0.0000,United States Domestic,100
07/10/2023 10:32:22,18885551212,18665551212,1 min,$0.0000,$0.0000,$0.0000,Incoming,
07/10/2023 10:27:25,18885551212,18665551212,1 min,$0.0000,$0.0000,$0.0000,Incoming,
07/10/2023 09:40:26,18885551212,18665551212,1 min,$0.0000,$0.0000,$0.0000,Incoming,
07/09/2023 19:10:33,18885551212,18665551212,1 min,$0.0000,$0.0000,$0.0000,Incoming,
07/08/2023 16:39:36,18885551212,18665551212,1 min,$0.0000,$0.0000,$0.0000,Incoming,
07/08/2023 15:24:06,18885551212,18665551212,1 min,$0.0000,$0.0000,$0.0000,Incoming,
07/08/2023 13:56:50,18885551212,18665551212,1 min,$0.0000,$0.0000,$0.0000,Incoming,
07/08/2023 10:57:16,18885551212,18665551212,1 min,$0.0000,$0.0000,$0.0000,Incoming,
07/08/2023 10:48:54,18885551212,18665551212,1 min,$0.0000,$0.0000,$0.0000,Incoming,
07/08/2023 09:23:33,18885551212,18665551212,1 min,$0.0000,$0.0000,$0.0000,Incoming,
07/07/2023 20:39:38,18885551212,18665551212,46 min,$0.0000,$0.0000,$0.0000,Incoming,100
07/07/2023 21:11:21,18885551212,18665551212,1 min,$0.0000,$0.0000,$0.0000,Incoming,
07/07/2023 20:00:32,18885551212,18665551212,1 min,$0.0000,$0.0000,$0.0000,Incoming,
07/07/2023 19:08:15,18885551212,18665551212,1 min,$0.0000,$0.0000,$0.0000,Incoming,
07/07/2023 18:23:13,18885551212,18665551212,1 min,$0.0000,$0.0000,$0.0000,Incoming,
07/07/2023 17:32:10,18885551212,18665551212,1 min,$0.0000,$0.0000,$0.0000,Incoming,
07/07/2023 17:05:27,18885551212,18665551212,1 min,$0.0000,$0.0000,$0.0000,Incoming,
07/07/2023 15:43:41,18885551212,18665551212,1 min,$0.0000,$0.0000,$0.0000,Incoming,
07/07/2023 15:36:29,18885551212,18665551212,1 min,$0.0000,$0.0000,$0.0000,Incoming,
07/07/2023 15:02:48,18885551212,18665551212,1 min,$0.0000,$0.0000,$0.0000,Incoming,
07/07/2023 14:49:41,18885551212,18665551212,1 min,$0.0000,$0.0000,$0.0000,Incoming,
07/07/2023 14:37:49,18885551212,18665551212,1 min,$0.0000,$0.0000,$0.0000,Incoming,
07/07/2023 13:26:03,18885551212,18665551212,1 min,$0.0000,$0.0000,$0.0000,Incoming,
07/07/2023 12:53:42,18885551212,18665551212,1 min,$0.0000,$0.0000,$0.0000,Incoming,
07/07/2023 12:10:49,18885551212,18665551212,1 min,$0.0000,$0.0000,$0.0000,Incoming,
07/07/2023 12:00:56,18885551212,18665551212,1 min,$0.0000,$0.0000,$0.0000,Incoming,
07/07/2023 09:53:50,18885551212,18665551212,1 min,$0.0000,$0.0000,$0.0000,Incoming,
07/06/2023 19:31:19,18885551212,18665551212,1 min,$0.0000,$0.0000,$0.0000,Incoming,
07/06/2023 18:18:33,18885551212,18665551212,2 min,$0.0000,$0.0000,$0.0000,Incoming,100
07/06/2023 17:37:40,18885551212,18665551212,1 min,$0.0000,$0.0000,$0.0000,Incoming,
07/06/2023 16:33:14,18885551212,18665551212,1 min,$0.0000,$0.0000,$0.0000,Incoming,
07/06/2023 16:32:28,18885551212,18665551212,1 min,$0.0000,$0.0000,$0.0000,Incoming,
07/06/2023 15:19:12,18885551212,18665551212,1 min,$0.0000,$0.0000,$0.0000,Incoming,
07/06/2023 15:01:26,18885551212,18665551212,1 min,$0.0000,$0.0000,$0.0000,Incoming,
07/06/2023 15:01:35,18885551212,18665551212,1 min,$0.0000,$0.0000,$0.0000,Incoming,
07/06/2023 14:38:41,18885551212,18665551212,1 min,$0.0000,$0.0000,$0.0000,Incoming,
07/06/2023 13:14:15,18885551212,18665551212,1 min,$0.0000,$0.0000,$0.0000,Incoming,
07/06/2023 12:49:24,18885551212,18665551212,1 min,$0.0000,$0.0000,$0.0000,Incoming,
07/06/2023 10:45:58,18885551212,18665551212,1 min,$0.0000,$0.0000,$0.0000,Incoming,
07/05/2023 19:54:49,18885551212,18665551212,1 min,$0.0000,$0.0000,$0.0000,Incoming,
07/05/2023 19:11:47,18885551212,18665551212,1 min,$0.0000,$0.0000,$0.0000,Incoming,
07/05/2023 17:09:02,18885551212,18665551212,1 min,$0.0000,$0.0000,$0.0000,Incoming,
07/05/2023 13:56:58,18885551212,18665551212,1 min,$0.0000,$0.0000,$0.0000,Incoming,
07/05/2023 13:18:22,18885551212,18665551212,1 min,$0.0000,$0.0000,$0.0000,Incoming,
07/05/2023 12:21:14,18885551212,18665551212,1 min,$0.0000,$0.0000,$0.0000,Incoming,
07/05/2023 08:44:26,18885551212,18665551212,1 min,$0.0000,$0.0000,$0.0000,Incoming,
07/04/2023 15:23:20,18885551212,18665551212,1 min,$0.0000,$0.0000,$0.0000,Incoming,
07/04/2023 09:44:07,18885551212,18665551212,3 min,$0.0000,$0.0000,$0.0000,United States Domestic,100
07/04/2023 09:23:00,18885551212,18665551212,1 min,$0.0000,$0.0000,$0.0000,Incoming,
07/03/2023 19:19:52,18885551212,18665551212,1 min,$0.0000,$0.0000,$0.0000,Incoming,
07/03/2023 18:01:36,18885551212,18665551212,1 min,$0.0000,$0.0000,$0.0000,Incoming,
07/03/2023 17:28:40,18885551212,18665551212,1 min,$0.0000,$0.0000,$0.0000,Incoming,
07/03/2023 16:55:26,18885551212,18665551212,1 min,$0.0000,$0.0000,$0.0000,Incoming,
07/03/2023 15:57:26,18885551212,18665551212,1 min,$0.0000,$0.0000,$0.0000,Incoming,
07/03/2023 15:12:20,18885551212,18665551212,1 min,$0.0000,$0.0000,$0.0000,Incoming,
07/03/2023 13:50:26,18885551212,18665551212,1 min,$0.0000,$0.0000,$0.0000,Incoming,
07/03/2023 13:23:24,18885551212,18665551212,1 min,$0.0000,$0.0000,$0.0000,Incoming,
07/03/2023 11:04:04,18885551212,18665551212,1 min,$0.0000,$0.0000,$0.0000,Incoming,100
07/03/2023 08:42:28,18885551212,18665551212,1 min,$0.0000,$0.0000,$0.0000,Incoming,
07/03/2023 08:16:25,18885551212,18665551212,1 min,$0.0000,$0.0000,$0.0000,Incoming,
07/01/2023 15:13:00,18885551212,18665551212,22 min,$0.0000,$0.0000,$0.0000,Incoming,100
07/01/2023 09:29:39,18885551212,18665551212,1 min,$0.0000,$0.0000,$0.0000,Incoming,
06/30/2023 19:47:11,18885551212,18665551212,1 min,$0.0000,$0.0000,$0.0000,Incoming,
06/30/2023 17:34:11,18885551212,18665551212,1 min,$0.0000,$0.0000,$0.0000,Incoming,
06/30/2023 15:39:06,18885551212,18665551212,1 min,$0.0000,$0.0000,$0.0000,Incoming,
06/30/2023 14:57:34,18885551212,18665551212,1 min,$0.0000,$0.0000,$0.0000,Incoming,
06/30/2023 14:26:06,18885551212,18665551212,1 min,$0.0000,$0.0000,$0.0000,Incoming,
06/30/2023 13:23:25,18885551212,18665551212,1 min,$0.0000,$0.0000,$0.0000,Incoming,
06/30/2023 11:42:59,18885551212,18665551212,1 min,$0.0000,$0.0000,$0.0000,Incoming,
06/30/2023 09:20:36,18885551212,18665551212,1 min,$0.0000,$0.0000,$0.0000,Incoming,
06/29/2023 19:37:10,18885551212,18665551212,1 min,$0.0000,$0.0000,$0.0000,Incoming,
06/29/2023 16:05:26,18885551212,18665551212,1 min,$0.0000,$0.0000,$0.0000,Incoming,
06/29/2023 15:50:38,18885551212,18665551212,1 min,$0.0000,$0.0000,$0.0000,Incoming,
06/29/2023 13:30:13,18885551212,18665551212,1 min,$0.0000,$0.0000,$0.0000,Incoming,
06/29/2023 13:27:53,18885551212,18665551212,1 min,$0.0000,$0.0000,$0.0000,Incoming,
06/29/2023 12:49:20,18885551212,18665551212,1 min,$0.0000,$0.0000,$0.0000,Incoming,
06/29/2023 09:28:33,18885551212,18665551212,1 min,$0.0000,$0.0000,$0.0000,Incoming,
06/28/2023 18:41:42,18885551212,18665551212,1 min,$0.0000,$0.0000,$0.0000,Incoming,
06/28/2023 16:56:08,18885551212,18665551212,1 min,$0.0000,$0.0000,$0.0000,Incoming,
06/28/2023 15:59:25,18885551212,18665551212,1 min,$0.0000,$0.0000,$0.0000,Incoming,
06/28/2023 15:49:53,18885551212,18665551212,1 min,$0.0000,$0.0000,$0.0000,Incoming,
06/28/2023 14:28:09,18885551212,18665551212,1 min,$0.0000,$0.0000,$0.0000,Incoming,
06/28/2023 12:26:35,18885551212,18665551212,1 min,$0.0000,$0.0000,$0.0000,Incoming,
06/28/2023 11:19:09,18885551212,18665551212,1 min,$0.0000,$0.0000,$0.0000,Incoming,
06/28/2023 11:15:31,18885551212,18665551212,1 min,$0.0000,$0.0000,$0.0000,Incoming,
06/28/2023 10:48:39,18885551212,18665551212,1 min,$0.0000,$0.0000,$0.0000,Incoming,
06/27/2023 19:45:00,18885551212,18665551212,1 min,$0.0000,$0.0000,$0.0000,Incoming,
06/27/2023 19:29:18,18885551212,18665551212,1 min,$0.0000,$0.0000,$0.0000,Incoming,
06/27/2023 19:02:01,18885551212,18665551212,1 min,$0.0000,$0.0000,$0.0000,Incoming,
06/27/2023 18:01:50,18885551212,18665551212,1 min,$0.0000,$0.0000,$0.0000,Incoming,
06/27/2023 17:50:23,18885551212,18665551212,1 min,$0.0000,$0.0000,$0.0000,Incoming,
06/27/2023 17:40:40,18885551212,18665551212,1 min,$0.0000,$0.0000,$0.0000,Incoming,
06/27/2023 14:49:46,18885551212,18665551212,1 min,$0.0000,$0.0000,$0.0000,Incoming,
06/27/2023 14:43:25,18885551212,18665551212,1 min,$0.0000,$0.0000,$0.0000,Incoming,
06/27/2023 14:15:35,18885551212,18665551212,12 min,$0.0000,$0.0000,$0.0000,United States Freephone,100
06/27/2023 12:36:00,18885551212,18665551212,1 min,$0.0000,$0.0000,$0.0000,Incoming,
06/27/2023 12:30:23,18885551212,18665551212,1 min,$0.0000,$0.0000,$0.0000,Incoming,
06/27/2023 11:21:25,18885551212,18665551212,1 min,$0.0000,$0.0000,$0.0000,Incoming,
06/27/2023 10:45:53,18885551212,18665551212,1 min,$0.0000,$0.0000,$0.0000,Incoming,
06/27/2023 09:49:08,18885551212,18665551212,1 min,$0.0000,$0.0000,$0.0000,Incoming,
06/26/2023 20:02:48,18885551212,18665551212,1 min,$0.0000,$0.0000,$0.0000,Incoming,
06/26/2023 17:44:55,18885551212,18665551212,1 min,$0.0000,$0.0000,$0.0000,Incoming,
06/26/2023 16:06:36,18885551212,18665551212,1 min,$0.0000,$0.0000,$0.0000,Incoming,
06/26/2023 15:45:13,18885551212,18665551212,1 min,$0.0000,$0.0000,$0.0000,Incoming,
06/26/2023 15:39:11,18885551212,18665551212,1 min,$0.0000,$0.0000,$0.0000,Incoming,
06/26/2023 14:38:20,18885551212,18665551212,1 min,$0.0000,$0.0000,$0.0000,Incoming,
06/26/2023 14:30:23,18885551212,18665551212,1 min,$0.0000,$0.0000,$0.0000,Incoming,
06/26/2023 14:18:47,18885551212,18665551212,1 min,$0.0000,$0.0000,$0.0000,Incoming,
06/26/2023 12:53:55,18885551212,18665551212,1 min,$0.0000,$0.0000,$0.0000,Incoming,
06/26/2023 12:44:35,18885551212,18665551212,1 min,$0.0000,$0.0000,$0.0000,Incoming,
06/26/2023 12:11:51,18885551212,18665551212,1 min,$0.0000,$0.0000,$0.0000,Incoming,
06/26/2023 11:56:42,18885551212,18665551212,1 min,$0.0000,$0.0000,$0.0000,Incoming,
06/26/2023 11:42:07,18885551212,18665551212,1 min,$0.0000,$0.0000,$0.0000,Incoming,
06/26/2023 11:03:32,18885551212,18665551212,1 min,$0.0000,$0.0000,$0.0000,Incoming,
06/24/2023 13:42:38,18885551212,18665551212,1 min,$0.0000,$0.0000,$0.0000,Incoming,
06/24/2023 12:53:26,18885551212,18665551212,1 min,$0.0000,$0.0000,$0.0000,Incoming,
06/24/2023 12:11:30,18885551212,18665551212,1 min,$0.0000,$0.0000,$0.0000,Incoming,
06/24/2023 12:02:32,18885551212,18665551212,1 min,$0.0000,$0.0000,$0.0000,Incoming,
06/23/2023 20:05:19,18885551212,18665551212,1 min,$0.0000,$0.0000,$0.0000,Incoming,
06/23/2023 18:29:44,18885551212,18665551212,1 min,$0.0000,$0.0000,$0.0000,Incoming,
06/23/2023 18:22:34,18885551212,18665551212,1 min,$0.0000,$0.0000,$0.0000,Incoming,
06/23/2023 17:54:05,18885551212,18665551212,1 min,$0.0000,$0.0000,$0.0000,Incoming,
06/23/2023 16:03:34,18885551212,18665551212,1 min,$0.0000,$0.0000,$0.0000,Incoming,
06/23/2023 16:03:28,18885551212,18665551212,1 min,$0.0000,$0.0000,$0.0000,Incoming,
06/23/2023 15:51:06,18885551212,18665551212,1 min,$0.0000,$0.0000,$0.0000,Incoming,
06/23/2023 15:10:43,18885551212,18665551212,1 min,$0.0000,$0.0000,$0.0000,Incoming,
06/23/2023 14:14:37,18885551212,18665551212,1 min,$0.0000,$0.0000,$0.0000,Incoming,
06/23/2023 14:01:38,18885551212,18665551212,1 min,$0.0000,$0.0000,$0.0000,Incoming,
06/23/2023 13:46:20,18885551212,18665551212,1 min,$0.0000,$0.0000,$0.0000,United States Domestic,100
06/23/2023 13:37:32,18885551212,18665551212,1 min,$0.0000,$0.0000,$0.0000,Incoming,
06/23/2023 13:09:27,18885551212,18665551212,1 min,$0.0000,$0.0000,$0.0000,Incoming,
06/23/2023 13:01:39,18885551212,18665551212,1 min,$0.0000,$0.0000,$0.0000,Incoming,
06/23/2023 11:35:30,18885551212,18665551212,1 min,$0.0000,$0.0000,$0.0000,Incoming,
06/23/2023 10:43:19,18885551212,18665551212,1 min,$0.0000,$0.0000,$0.0000,Incoming,
06/23/2023 10:33:31,18885551212,18665551212,1 min,$0.0000,$0.0000,$0.0000,Incoming,
06/23/2023 10:25:47,18885551212,18665551212,1 min,$0.0000,$0.0000,$0.0000,Incoming,
06/23/2023 09:18:11,18885551212,18665551212,1 min,$0.0000,$0.0000,$0.0000,Incoming,
06/23/2023 09:12:24,18885551212,18665551212,1 min,$0.0000,$0.0000,$0.0000,Incoming,
06/22/2023 19:03:22,18885551212,18665551212,1 min,$0.0000,$0.0000,$0.0000,Incoming,
06/22/2023 19:03:05,18885551212,18665551212,1 min,$0.0000,$0.0000,$0.0000,Incoming,
06/22/2023 18:51:42,18885551212,18665551212,1 min,$0.0000,$0.0000,$0.0000,Incoming,
06/22/2023 18:16:54,18885551212,18665551212,1 min,$0.0000,$0.0000,$0.0000,Incoming,
06/22/2023 17:44:54,18885551212,18665551212,2 min,$0.0000,$0.0000,$0.0000,Incoming,100
06/22/2023 16:38:33,18885551212,18665551212,1 min,$0.0000,$0.0000,$0.0000,Incoming,
06/22/2023 15:40:01,18885551212,18665551212,1 min,$0.0000,$0.0000,$0.0000,Incoming,
06/22/2023 14:53:15,18885551212,18665551212,1 min,$0.0000,$0.0000,$0.0000,Incoming,
06/22/2023 14:44:02,18885551212,18665551212,1 min,$0.0000,$0.0000,$0.0000,Incoming,
06/22/2023 12:22:46,18885551212,18665551212,1 min,$0.0000,$0.0000,$0.0000,Incoming,
06/22/2023 12:00:01,18885551212,18665551212,1 min,$0.0000,$0.0000,$0.0000,Incoming,
06/22/2023 10:27:41,18885551212,18665551212,1 min,$0.0000,$0.0000,$0.0000,Incoming,
06/22/2023 10:27:39,18885551212,18665551212,1 min,$0.0000,$0.0000,$0.0000,Incoming,
06/22/2023 09:40:21,18885551212,18665551212,1 min,$0.0000,$0.0000,$0.0000,Incoming,
06/22/2023 09:38:03,18885551212,18665551212,1 min,$0.0000,$0.0000,$0.0000,Incoming,
06/21/2023 20:27:28,18885551212,18665551212,1 min,$0.0000,$0.0000,$0.0000,Incoming,
06/21/2023 18:55:43,18885551212,18665551212,1 min,$0.0000,$0.0000,$0.0000,Incoming,
06/21/2023 18:42:37,18885551212,18665551212,1 min,$0.0000,$0.0000,$0.0000,Incoming,
06/21/2023 17:04:34,18885551212,18665551212,1 min,$0.0000,$0.0000,$0.0000,Incoming,
06/21/2023 15:54:04,18885551212,18665551212,1 min,$0.0000,$0.0000,$0.0000,Incoming,
06/21/2023 15:39:04,18885551212,18665551212,1 min,$0.0000,$0.0000,$0.0000,Incoming,
06/21/2023 15:23:55,18885551212,18665551212,1 min,$0.0000,$0.0000,$0.0000,Incoming,
06/21/2023 15:20:13,18885551212,18665551212,1 min,$0.0000,$0.0000,$0.0000,Incoming,
06/21/2023 14:46:07,18885551212,18665551212,1 min,$0.0000,$0.0000,$0.0000,Incoming,
06/21/2023 13:57:33,18885551212,18665551212,1 min,$0.0000,$0.0000,$0.0000,Incoming,
06/21/2023 13:49:45,18885551212,18665551212,1 min,$0.0000,$0.0000,$0.0000,Incoming,
06/21/2023 11:06:57,18885551212,18665551212,1 min,$0.0000,$0.0000,$0.0000,Incoming,
06/21/2023 09:42:29,18885551212,18665551212,1 min,$0.0000,$0.0000,$0.0000,Incoming,
06/21/2023 08:57:57,18885551212,18665551212,1 min,$0.0000,$0.0000,$0.0000,Incoming,
06/21/2023 08:53:13,18885551212,18665551212,1 min,$0.0000,$0.0000,$0.0000,Incoming,
06/21/2023 08:50:24,18885551212,18665551212,1 min,$0.0000,$0.0000,$0.0000,Incoming,
06/20/2023 21:26:27,18885551212,18665551212,2 min,$0.0000,$0.0000,$0.0000,Incoming,100
06/20/2023 18:08:15,18885551212,18665551212,1 min,$0.0000,$0.0000,$0.0000,Incoming,
06/20/2023 17:16:27,18885551212,18665551212,1 min,$0.0000,$0.0000,$0.0000,Incoming,
06/20/2023 16:58:14,18885551212,18665551212,1 min,$0.0000,$0.0000,$0.0000,Incoming,
06/20/2023 16:39:21,18885551212,18665551212,1 min,$0.0000,$0.0000,$0.0000,Incoming,
06/20/2023 16:00:28,18885551212,18665551212,1 min,$0.0000,$0.0000,$0.0000,Incoming,
06/20/2023 15:03:59,18885551212,18665551212,1 min,$0.0000,$0.0000,$0.0000,Incoming,
06/20/2023 14:10:22,18885551212,18665551212,1 min,$0.0000,$0.0000,$0.0000,Incoming,
06/20/2023 13:31:41,18885551212,18665551212,1 min,$0.0000,$0.0000,$0.0000,Incoming,
06/20/2023 12:36:44,18885551212,18665551212,1 min,$0.0000,$0.0000,$0.0000,Incoming,
06/20/2023 12:01:55,18885551212,18665551212,1 min,$0.0000,$0.0000,$0.0000,Incoming,
06/20/2023 11:27:48,18885551212,18665551212,2 min,$0.0000,$0.0000,$0.0000,United States Domestic,100
06/20/2023 11:13:35,18885551212,18665551212,2 min,$0.0000,$0.0000,$0.0000,Incoming,100
06/20/2023 11:13:29,18885551212,18665551212,3 min,$0.0000,$0.0000,$0.0000,Incoming,
06/20/2023 11:12:32,18885551212,18665551212,1 min,$0.0000,$0.0000,$0.0000,Incoming,
06/20/2023 10:36:29,18885551212,18665551212,7 min,$0.0000,$0.0000,$0.0000,Incoming,100
06/20/2023 10:36:17,18885551212,18665551212,7 min,$0.0000,$0.0000,$0.0000,Incoming,
06/20/2023 10:26:59,18885551212,18665551212,1 min,$0.0000,$0.0000,$0.0000,Incoming,
06/19/2023 19:51:19,18885551212,18665551212,1 min,$0.0000,$0.0000,$0.0000,Incoming,
06/19/2023 18:59:50,18885551212,18665551212,1 min,$0.0000,$0.0000,$0.0000,Incoming,
06/19/2023 18:59:14,18885551212,18665551212,1 min,$0.0000,$0.0000,$0.0000,Incoming,
06/19/2023 16:39:57,18885551212,18665551212,1 min,$0.0000,$0.0000,$0.0000,Incoming,
06/19/2023 15:55:11,18885551212,18665551212,1 min,$0.0000,$0.0000,$0.0000,Incoming,
06/19/2023 15:01:09,18885551212,18665551212,1 min,$0.0000,$0.0000,$0.0000,Incoming,
06/19/2023 14:42:57,18885551212,18665551212,1 min,$0.0000,$0.0000,$0.0000,Incoming,
06/19/2023 14:42:09,18885551212,18665551212,1 min,$0.0000,$0.0000,$0.0000,United States Domestic,100
06/19/2023 14:24:30,18885551212,18665551212,1 min,$0.0000,$0.0000,$0.0000,Incoming,
06/19/2023 13:53:01,18885551212,18665551212,1 min,$0.0000,$0.0000,$0.0000,Incoming,
06/19/2023 13:36:43,18885551212,18665551212,1 min,$0.0000,$0.0000,$0.0000,Incoming,
06/19/2023 13:16:51,18885551212,18665551212,5 min,$0.0000,$0.0000,$0.0000,United States Freephone,100
06/19/2023 12:18:17,18885551212,18665551212,1 min,$0.0000,$0.0000,$0.0000,Incoming,
06/19/2023 11:57:22,18885551212,18665551212,1 min,$0.0000,$0.0000,$0.0000,Incoming,
06/19/2023 11:38:11,18885551212,18665551212,1 min,$0.0000,$0.0000,$0.0000,Incoming,
06/19/2023 11:23:56,18885551212,18665551212,1 min,$0.0000,$0.0000,$0.0000,Incoming,
06/19/2023 11:04:32,18885551212,18665551212,1 min,$0.0000,$0.0000,$0.0000,Incoming,
06/19/2023 09:53:59,18885551212,18665551212,1 min,$0.0000,$0.0000,$0.0000,Incoming,
06/19/2023 09:39:57,18885551212,18665551212,1 min,$0.0000,$0.0000,$0.0000,Incoming,
06/17/2023 14:44:26,18885551212,18665551212,1 min,$0.0000,$0.0000,$0.0000,Incoming,
06/17/2023 14:23:56,18885551212,18665551212,1 min,$0.0000,$0.0000,$0.0000,Incoming,
06/17/2023 14:24:01,18885551212,18665551212,0 min,$0.0000,$0.0000,$0.0000,Incoming,100
06/17/2023 14:23:36,18885551212,18665551212,1 min,$0.0000,$0.0000,$0.0000,Incoming,
06/17/2023 14:23:42,18885551212,18665551212,0 min,$0.0000,$0.0000,$0.0000,Incoming,100
06/17/2023 14:23:08,18885551212,18665551212,1 min,$0.0000,$0.0000,$0.0000,Incoming,
06/17/2023 14:23:13,18885551212,18665551212,0 min,$0.0000,$0.0000,$0.0000,Incoming,100
06/17/2023 14:21:42,18885551212,18665551212,2 min,$0.0000,$0.0000,$0.0000,Incoming,
06/17/2023 14:21:47,18885551212,18665551212,1 min,$0.0000,$0.0000,$0.0000,Incoming,100
06/17/2023 14:05:25,18885551212,18665551212,16 min,$0.0000,$0.0000,$0.0000,Incoming,100
06/17/2023 14:05:09,18885551212,18665551212,17 min,$0.0000,$0.0000,$0.0000,Incoming,
06/17/2023 13:23:36,18885551212,18665551212,1 min,$0.0000,$0.0000,$0.0000,Incoming,
06/17/2023 11:44:18,18885551212,18665551212,1 min,$0.0000,$0.0000,$0.0000,Incoming,
06/17/2023 09:22:47,18885551212,18665551212,1 min,$0.0000,$0.0000,$0.0000,Incoming,
06/16/2023 19:43:11,18885551212,18665551212,1 min,$0.0000,$0.0000,$0.0000,Incoming,
06/16/2023 16:33:01,18885551212,18665551212,1 min,$0.0000,$0.0000,$0.0000,Incoming,
06/16/2023 15:38:11,18885551212,18665551212,1 min,$0.0000,$0.0000,$0.0000,Incoming,
06/16/2023 15:28:12,18885551212,18665551212,2 min,$0.0000,$0.0000,$0.0000,Incoming,
06/16/2023 15:28:21,18885551212,18665551212,2 min,$0.0000,$0.0000,$0.0000,Incoming,100
06/16/2023 14:41:59,18885551212,18665551212,1 min,$0.0000,$0.0000,$0.0000,Incoming,
06/16/2023 14:27:44,18885551212,18665551212,1 min,$0.0000,$0.0000,$0.0000,Incoming,
06/16/2023 13:34:43,18885551212,18665551212,1 min,$0.0000,$0.0000,$0.0000,Incoming,100
06/16/2023 13:33:08,18885551212,18665551212,1 min,$0.0000,$0.0000,$0.0000,Incoming,100
06/16/2023 13:31:52,18885551212,18665551212,1 min,$0.0000,$0.0000,$0.0000,Incoming,100
06/16/2023 12:46:00,18885551212,18665551212,1 min,$0.0000,$0.0000,$0.0000,Incoming,
06/16/2023 11:51:08,18885551212,18665551212,1 min,$0.0000,$0.0000,$0.0000,Incoming,
06/16/2023 11:09:24,18885551212,18665551212,1 min,$0.0000,$0.0000,$0.0000,Incoming,
06/15/2023 17:51:05,18885551212,18665551212,1 min,$0.0000,$0.0000,$0.0000,Incoming,
06/15/2023 16:42:32,18885551212,18665551212,36 min,$0.0000,$0.0000,$0.0000,United States Domestic,100
06/15/2023 16:27:46,18885551212,18665551212,1 min,$0.0000,$0.0000,$0.0000,Incoming,
06/15/2023 15:57:58,18885551212,18665551212,1 min,$0.0000,$0.0000,$0.0000,Incoming,
06/15/2023 13:53:19,18885551212,18665551212,1 min,$0.0000,$0.0000,$0.0000,Incoming,
06/15/2023 13:51:27,18885551212,18665551212,1 min,$0.0000,$0.0000,$0.0000,Incoming,
06/15/2023 11:55:48,18885551212,18665551212,1 min,$0.0000,$0.0000,$0.0000,Incoming,
06/15/2023 11:52:49,18885551212,18665551212,1 min,$0.0000,$0.0000,$0.0000,Incoming,
06/15/2023 11:22:12,18885551212,18665551212,1 min,$0.0000,$0.0000,$0.0000,Incoming,
06/15/2023 11:07:30,18885551212,18665551212,1 min,$0.0000,$0.0000,$0.0000,Incoming,
06/15/2023 10:58:46,18885551212,18665551212,1 min,$0.0000,$0.0000,$0.0000,Incoming,
06/15/2023 10:58:50,18885551212,18665551212,1 min,$0.0000,$0.0000,$0.0000,Incoming,
06/14/2023 18:54:35,18885551212,18665551212,1 min,$0.0000,$0.0000,$0.0000,Incoming,
06/14/2023 18:00:27,18885551212,18665551212,1 min,$0.0000,$0.0000,$0.0000,Incoming,
06/14/2023 16:49:19,18885551212,18665551212,1 min,$0.0000,$0.0000,$0.0000,Incoming,
06/14/2023 14:06:05,18885551212,18665551212,1 min,$0.0000,$0.0000,$0.0000,Incoming,
06/14/2023 09:41:51,18885551212,18665551212,1 min,$0.0000,$0.0000,$0.0000,Incoming,
06/14/2023 09:28:09,18885551212,18665551212,1 min,$0.0000,$0.0000,$0.0000,Incoming,
06/13/2023 19:37:51,18885551212,18665551212,1 min,$0.0000,$0.0000,$0.0000,Incoming,
06/13/2023 16:57:56,18885551212,18665551212,1 min,$0.0000,$0.0000,$0.0000,Incoming,
06/13/2023 15:47:57,18885551212,18665551212,2 min,$0.0000,$0.0000,$0.0000,United States Domestic,100
06/13/2023 15:45:33,18885551212,18665551212,3 min,$0.0000,$0.0000,$0.0000,United States Domestic,100
06/13/2023 15:43:54,18885551212,18665551212,2 min,$0.0000,$0.0000,$0.0000,United States Domestic,100
06/13/2023 13:50:33,18885551212,18665551212,1 min,$0.0000,$0.0000,$0.0000,Incoming,
06/13/2023 13:45:56,18885551212,18665551212,1 min,$0.0000,$0.0000,$0.0000,Incoming,
06/13/2023 13:42:48,18885551212,18665551212,1 min,$0.0000,$0.0000,$0.0000,Incoming,
06/13/2023 13:17:30,18885551212,18665551212,1 min,$0.0000,$0.0000,$0.0000,Incoming,
06/13/2023 13:14:31,18885551212,18665551212,1 min,$0.0000,$0.0000,$0.0000,Incoming,
06/13/2023 11:26:17,18885551212,18665551212,1 min,$0.0000,$0.0000,$0.0000,Incoming,
06/13/2023 10:43:51,18885551212,18665551212,10 min,$0.0000,$0.0000,$0.0000,United States Domestic,100
06/13/2023 10:37:42,18885551212,18665551212,2 min,$0.0000,$0.0000,$0.0000,Incoming,100
06/13/2023 08:48:45,18885551212,18665551212,1 min,$0.0000,$0.0000,$0.0000,Incoming,
06/13/2023 08:48:43,18885551212,18665551212,1 min,$0.0000,$0.0000,$0.0000,Incoming,
06/12/2023 21:23:42,18885551212,18665551212,0 min,$0.0000,$0.0000,$0.0000,Incoming,100
06/12/2023 17:04:21,18885551212,18665551212,1 min,$0.0000,$0.0000,$0.0000,Incoming,
06/12/2023 15:55:49,18885551212,18665551212,1 min,$0.0000,$0.0000,$0.0000,Incoming,
06/12/2023 14:46:10,18885551212,18665551212,1 min,$0.0000,$0.0000,$0.0000,Incoming,
06/12/2023 13:40:48,18885551212,18665551212,1 min,$0.0000,$0.0000,$0.0000,Incoming,
06/12/2023 12:58:17,18885551212,18665551212,1 min,$0.0000,$0.0000,$0.0000,Incoming,
06/12/2023 11:27:17,18885551212,18665551212,1 min,$0.0000,$0.0000,$0.0000,Incoming,
06/12/2023 09:01:29,18885551212,18665551212,1 min,$0.0000,$0.0000,$0.0000,Incoming,
06/12/2023 08:37:14,18885551212,18665551212,1 min,$0.0000,$0.0000,$0.0000,Incoming,100
06/12/2023 08:33:14,18885551212,18665551212,1 min,$0.0000,$0.0000,$0.0000,Incoming,100
06/10/2023 13:36:14,18885551212,18665551212,1 min,$0.0000,$0.0000,$0.0000,Incoming,
06/10/2023 10:19:27,18885551212,18665551212,1 min,$0.0000,$0.0000,$0.0000,Incoming,
06/09/2023 19:50:24,18885551212,18665551212,1 min,$0.0000,$0.0000,$0.0000,Incoming,
06/09/2023 18:17:50,18885551212,18665551212,1 min,$0.0000,$0.0000,$0.0000,Incoming,
06/09/2023 17:27:18,18885551212,18665551212,1 min,$0.0000,$0.0000,$0.0000,Incoming,
06/09/2023 17:17:20,18885551212,18665551212,1 min,$0.0000,$0.0000,$0.0000,Incoming,
06/09/2023 16:24:35,18885551212,18665551212,1 min,$0.0000,$0.0000,$0.0000,Incoming,
06/09/2023 14:56:43,18885551212,18665551212,1 min,$0.0000,$0.0000,$0.0000,Incoming,
06/09/2023 14:36:55,18885551212,18665551212,1 min,$0.0000,$0.0000,$0.0000,Incoming,
06/09/2023 13:44:35,18885551212,18665551212,1 min,$0.0000,$0.0000,$0.0000,Incoming,
06/09/2023 12:16:00,18885551212,18665551212,1 min,$0.0000,$0.0000,$0.0000,Incoming,
06/09/2023 11:28:58,18885551212,18665551212,1 min,$0.0000,$0.0000,$0.0000,Incoming,
06/09/2023 11:19:49,18885551212,18665551212,1 min,$0.0000,$0.0000,$0.0000,Incoming,
06/09/2023 10:54:34,18885551212,18665551212,1 min,$0.0000,$0.0000,$0.0000,Incoming,
06/09/2023 10:13:15,18885551212,18665551212,1 min,$0.0000,$0.0000,$0.0000,Incoming,
06/08/2023 19:12:47,18885551212,18665551212,1 min,$0.0000,$0.0000,$0.0000,Incoming,
06/08/2023 17:35:55,18885551212,18665551212,1 min,$0.0000,$0.0000,$0.0000,Incoming,
06/08/2023 17:25:20,18885551212,18665551212,1 min,$0.0000,$0.0000,$0.0000,Incoming,
06/08/2023 17:02:11,18885551212,18665551212,1 min,$0.0000,$0.0000,$0.0000,Incoming,
06/08/2023 16:47:07,18885551212,18665551212,1 min,$0.0000,$0.0000,$0.0000,Incoming,
06/08/2023 15:31:05,18885551212,18665551212,1 min,$0.0000,$0.0000,$0.0000,Incoming,
06/08/2023 15:12:01,18885551212,18665551212,1 min,$0.0000,$0.0000,$0.0000,Incoming,
06/08/2023 12:29:42,18885551212,18665551212,1 min,$0.0000,$0.0000,$0.0000,Incoming,
06/08/2023 12:28:15,18885551212,18665551212,1 min,$0.0000,$0.0000,$0.0000,Incoming,
06/08/2023 11:43:44,18885551212,18665551212,1 min,$0.0000,$0.0000,$0.0000,Incoming,
06/08/2023 11:00:19,18885551212,18665551212,1 min,$0.0000,$0.0000,$0.0000,Incoming,
06/08/2023 10:50:44,18885551212,18665551212,1 min,$0.0000,$0.0000,$0.0000,Incoming,
06/08/2023 10:50:47,18885551212,18665551212,1 min,$0.0000,$0.0000,$0.0000,Incoming,
06/08/2023 10:36:13,18885551212,18665551212,1 min,$0.0000,$0.0000,$0.0000,Incoming,
06/08/2023 08:45:00,18885551212,18665551212,1 min,$0.0000,$0.0000,$0.0000,Incoming,
06/07/2023 19:45:52,18885551212,18665551212,1 min,$0.0000,$0.0000,$0.0000,Incoming,
06/07/2023 17:48:46,18885551212,18665551212,1 min,$0.0000,$0.0000,$0.0000,Incoming,
06/07/2023 17:16:59,18885551212,18665551212,1 min,$0.0000,$0.0000,$0.0000,Incoming,
06/07/2023 16:13:14,18885551212,18665551212,1 min,$0.0000,$0.0000,$0.0000,Incoming,
06/07/2023 15:08:34,18885551212,18665551212,1 min,$0.0000,$0.0000,$0.0000,Incoming,
06/07/2023 12:53:46,18885551212,18665551212,1 min,$0.0000,$0.0000,$0.0000,Incoming,
06/07/2023 12:46:47,18885551212,18665551212,1 min,$0.0000,$0.0000,$0.0000,Incoming,
06/07/2023 11:21:00,18885551212,18665551212,1 min,$0.0000,$0.0000,$0.0000,Incoming,
06/07/2023 10:23:21,18885551212,18665551212,1 min,$0.0000,$0.0000,$0.0000,Incoming,
06/06/2023 20:03:14,18885551212,18665551212,1 min,$0.0000,$0.0000,$0.0000,Incoming,
06/06/2023 16:50:17,18885551212,18665551212,1 min,$0.0000,$0.0000,$0.0000,Incoming,
06/06/2023 14:35:02,18885551212,18665551212,1 min,$0.0000,$0.0000,$0.0000,Incoming,
06/06/2023 13:31:54,18885551212,18665551212,1 min,$0.0000,$0.0000,$0.0000,Incoming,
06/06/2023 13:13:58,18885551212,18665551212,1 min,$0.0000,$0.0000,$0.0000,Incoming,
06/06/2023 12:02:30,18885551212,18665551212,1 min,$0.0000,$0.0000,$0.0000,Incoming,
06/06/2023 11:38:40,18885551212,18665551212,1 min,$0.0000,$0.0000,$0.0000,Incoming,
06/06/2023 09:54:46,18885551212,18665551212,1 min,$0.0000,$0.0000,$0.0000,Incoming,
06/06/2023 09:02:29,18885551212,18665551212,1 min,$0.0000,$0.0000,$0.0000,Incoming,
06/06/2023 08:52:22,18885551212,18665551212,2 min,$0.0000,$0.0000,$0.0000,Incoming,100
06/05/2023 17:18:46,18885551212,18665551212,1 min,$0.0000,$0.0000,$0.0000,Incoming,
06/05/2023 17:17:55,18885551212,18665551212,1 min,$0.0000,$0.0000,$0.0000,Incoming,
06/05/2023 14:30:29,18885551212,18665551212,1 min,$0.0000,$0.0000,$0.0000,Incoming,
06/05/2023 13:57:16,18885551212,18665551212,1 min,$0.0000,$0.0000,$0.0000,United States Freephone,100
06/05/2023 13:56:33,18885551212,18665551212,0 min,$0.0000,$0.0000,$0.0000,United States Freephone,100
06/05/2023 13:26:22,18885551212,18665551212,1 min,$0.0000,$0.0000,$0.0000,Incoming,
06/05/2023 13:03:08,18885551212,18665551212,5 min,$0.0000,$0.0000,$0.0000,United States Freephone,100
06/05/2023 12:52:08,18885551212,18665551212,9 min,$0.0000,$0.0000,$0.0000,United States Freephone,100
06/05/2023 12:18:48,18885551212,18665551212,1 min,$0.0000,$0.0000,$0.0000,Incoming,
06/05/2023 11:44:12,18885551212,18665551212,18 min,$0.0000,$0.0000,$0.0000,United States Freephone,100
06/05/2023 11:00:46,18885551212,18665551212,1 min,$0.0000,$0.0000,$0.0000,Incoming,
06/05/2023 08:30:35,18885551212,18665551212,1 min,$0.0000,$0.0000,$0.0000,Incoming,
06/03/2023 14:46:19,18885551212,18665551212,1 min,$0.0000,$0.0000,$0.0000,Incoming,
06/03/2023 14:30:27,18885551212,18665551212,1 min,$0.0000,$0.0000,$0.0000,Incoming,
06/03/2023 11:48:03,18885551212,18665551212,1 min,$0.0000,$0.0000,$0.0000,Incoming,
06/03/2023 10:58:10,18885551212,18665551212,1 min,$0.0000,$0.0000,$0.0000,Incoming,
06/03/2023 09:37:51,18885551212,18665551212,1 min,$0.0000,$0.0000,$0.0000,Incoming,
06/02/2023 15:48:32,18885551212,18665551212,1 min,$0.0000,$0.0000,$0.0000,Incoming,
06/02/2023 15:47:11,18885551212,18665551212,1 min,$0.0000,$0.0000,$0.0000,Incoming,
06/02/2023 14:48:29,18885551212,18665551212,1 min,$0.0000,$0.0000,$0.0000,Incoming,
06/02/2023 13:57:26,18885551212,18665551212,1 min,$0.0000,$0.0000,$0.0000,Incoming,
06/02/2023 13:09:23,18885551212,18665551212,1 min,$0.0000,$0.0000,$0.0000,Incoming,
06/02/2023 12:41:55,18885551212,18665551212,1 min,$0.0000,$0.0000,$0.0000,Incoming,
06/02/2023 12:41:17,18885551212,18665551212,1 min,$0.0000,$0.0000,$0.0000,Incoming,
06/02/2023 11:57:58,18885551212,18665551212,1 min,$0.0000,$0.0000,$0.0000,Incoming,
06/02/2023 10:20:54,18885551212,18665551212,1 min,$0.0000,$0.0000,$0.0000,Incoming,
06/02/2023 09:36:18,18885551212,18665551212,1 min,$0.0000,$0.0000,$0.0000,Incoming,
06/02/2023 09:12:50,18885551212,18665551212,1 min,$0.0000,$0.0000,$0.0000,Incoming,
06/02/2023 08:30:03,18885551212,18665551212,1 min,$0.0000,$0.0000,$0.0000,Incoming,
06/01/2023 19:26:10,18885551212,18665551212,1 min,$0.0000,$0.0000,$0.0000,Incoming,
06/01/2023 15:48:12,18885551212,18665551212,1 min,$0.0000,$0.0000,$0.0000,Incoming,
06/01/2023 14:08:36,18885551212,18665551212,1 min,$0.0000,$0.0000,$0.0000,Incoming,
06/01/2023 13:03:54,18885551212,18665551212,1 min,$0.0000,$0.0000,$0.0000,Incoming,
06/01/2023 12:36:12,18885551212,18665551212,1 min,$0.0000,$0.0000,$0.0000,Incoming,
06/01/2023 11:40:05,18885551212,18665551212,1 min,$0.0000,$0.0000,$0.0000,Incoming,
06/01/2023 10:14:51,18885551212,18665551212,1 min,$0.0000,$0.0000,$0.0000,Incoming,
06/01/2023 08:18:33,18885551212,18665551212,1 min,$0.0000,$0.0000,$0.0000,Incoming,
05/31/2023 19:20:38,18885551212,18665551212,1 min,$0.0000,$0.0000,$0.0000,Incoming,
05/31/2023 16:34:41,18885551212,18665551212,1 min,$0.0000,$0.0000,$0.0000,Incoming,
05/31/2023 16:30:45,18885551212,18665551212,1 min,$0.0000,$0.0000,$0.0000,Incoming,
05/31/2023 15:51:10,18885551212,18665551212,1 min,$0.0000,$0.0000,$0.0000,Incoming,
05/31/2023 13:45:02,18885551212,18665551212,1 min,$0.0000,$0.0000,$0.0000,Incoming,
05/31/2023 13:14:44,18885551212,18665551212,1 min,$0.0000,$0.0000,$0.0000,Incoming,
05/31/2023 12:26:20,18885551212,18665551212,1 min,$0.0000,$0.0000,$0.0000,Incoming,
05/31/2023 12:10:27,18885551212,18665551212,1 min,$0.0000,$0.0000,$0.0000,Incoming,100
05/31/2023 11:30:10,18885551212,18665551212,1 min,$0.0000,$0.0000,$0.0000,Incoming,
05/31/2023 10:54:38,18885551212,18665551212,1 min,$0.0000,$0.0000,$0.0000,Incoming,
05/31/2023 10:18:00,18885551212,18665551212,1 min,$0.0000,$0.0000,$0.0000,Incoming,
05/31/2023 09:10:14,18885551212,18665551212,1 min,$0.0000,$0.0000,$0.0000,Incoming,
05/31/2023 08:20:55,18885551212,18665551212,1 min,$0.0000,$0.0000,$0.0000,Incoming,
05/30/2023 20:45:38,18885551212,18665551212,1 min,$0.0000,$0.0000,$0.0000,Incoming,
05/30/2023 18:05:14,18885551212,18665551212,1 min,$0.0000,$0.0000,$0.0000,Incoming,
05/30/2023 16:57:59,18885551212,18665551212,1 min,$0.0000,$0.0000,$0.0000,Incoming,
05/30/2023 16:27:18,18885551212,18665551212,1 min,$0.0000,$0.0000,$0.0000,Incoming,
05/30/2023 14:26:46,18885551212,18665551212,1 min,$0.0000,$0.0000,$0.0000,Incoming,
05/30/2023 14:11:00,18885551212,18665551212,1 min,$0.0000,$0.0000,$0.0000,Incoming,
05/30/2023 14:08:54,18885551212,18665551212,1 min,$0.0000,$0.0000,$0.0000,Incoming,
05/30/2023 13:47:03,18885551212,18665551212,1 min,$0.0000,$0.0000,$0.0000,Incoming,
05/30/2023 13:46:56,18885551212,18665551212,1 min,$0.0000,$0.0000,$0.0000,Incoming,
05/30/2023 13:37:39,18885551212,18665551212,1 min,$0.0000,$0.0000,$0.0000,Incoming,
05/30/2023 12:25:09,18885551212,18665551212,1 min,$0.0000,$0.0000,$0.0000,Incoming,
05/30/2023 11:30:35,18885551212,18665551212,1 min,$0.0000,$0.0000,$0.0000,Incoming,
05/30/2023 10:24:37,18885551212,18665551212,1 min,$0.0000,$0.0000,$0.0000,Incoming,
05/30/2023 09:46:01,18885551212,18665551212,1 min,$0.0000,$0.0000,$0.0000,Incoming,
05/30/2023 09:44:53,18885551212,18665551212,1 min,$0.0000,$0.0000,$0.0000,Incoming,
05/30/2023 08:18:10,18885551212,18665551212,1 min,$0.0000,$0.0000,$0.0000,Incoming,
05/29/2023 20:22:24,18885551212,18665551212,1 min,$0.0000,$0.0000,$0.0000,Incoming,
05/29/2023 17:28:50,18885551212,18665551212,1 min,$0.0000,$0.0000,$0.0000,Incoming,
05/29/2023 17:06:27,18885551212,18665551212,1 min,$0.0000,$0.0000,$0.0000,Incoming,
05/29/2023 16:33:13,18885551212,18665551212,1 min,$0.0000,$0.0000,$0.0000,Incoming,
05/29/2023 15:01:35,18885551212,18665551212,1 min,$0.0000,$0.0000,$0.0000,Incoming,
05/29/2023 15:01:33,18885551212,18665551212,1 min,$0.0000,$0.0000,$0.0000,Incoming,
05/29/2023 13:52:12,18885551212,18665551212,1 min,$0.0000,$0.0000,$0.0000,Incoming,
05/29/2023 12:30:32,18885551212,18665551212,1 min,$0.0000,$0.0000,$0.0000,Incoming,
05/27/2023 13:57:39,18885551212,18665551212,1 min,$0.0000,$0.0000,$0.0000,Incoming,
05/27/2023 13:39:35,18885551212,18665551212,1 min,$0.0000,$0.0000,$0.0000,Incoming,
05/27/2023 11:57:05,18885551212,18665551212,1 min,$0.0000,$0.0000,$0.0000,Incoming,
05/27/2023 10:54:05,18885551212,18665551212,1 min,$0.0000,$0.0000,$0.0000,Incoming,
05/27/2023 08:59:48,18885551212,18665551212,1 min,$0.0000,$0.0000,$0.0000,Incoming,
05/26/2023 19:25:54,18885551212,18665551212,19 min,$0.0000,$0.0000,$0.0000,Incoming,100
05/26/2023 19:01:25,18885551212,18665551212,1 min,$0.0000,$0.0000,$0.0000,Incoming,
05/26/2023 18:17:19,18885551212,18665551212,1 min,$0.0000,$0.0000,$0.0000,Incoming,
05/26/2023 18:12:51,18885551212,18665551212,1 min,$0.0000,$0.0000,$0.0000,Incoming,
05/26/2023 16:52:41,18885551212,18665551212,1 min,$0.0000,$0.0000,$0.0000,Incoming,
05/26/2023 15:41:11,18885551212,18665551212,1 min,$0.0000,$0.0000,$0.0000,Incoming,
05/26/2023 15:01:10,18885551212,18665551212,1 min,$0.0000,$0.0000,$0.0000,Incoming,
05/26/2023 14:46:48,18885551212,18665551212,1 min,$0.0000,$0.0000,$0.0000,Incoming,
05/26/2023 14:11:47,18885551212,18665551212,1 min,$0.0000,$0.0000,$0.0000,Incoming,
05/26/2023 13:48:41,18885551212,18665551212,1 min,$0.0000,$0.0000,$0.0000,Incoming,
05/26/2023 12:31:31,18885551212,18665551212,1 min,$0.0000,$0.0000,$0.0000,Incoming,
05/26/2023 12:01:04,18885551212,18665551212,1 min,$0.0000,$0.0000,$0.0000,Incoming,
05/26/2023 11:11:22,18885551212,18665551212,1 min,$0.0000,$0.0000,$0.0000,Incoming,
05/26/2023 10:36:47,18885551212,18665551212,1 min,$0.0000,$0.0000,$0.0000,Incoming,100
05/26/2023 10:36:40,18885551212,18665551212,2 min,$0.0000,$0.0000,$0.0000,Incoming,
05/26/2023 09:24:47,18885551212,18665551212,1 min,$0.0000,$0.0000,$0.0000,Incoming,
05/26/2023 08:16:05,18885551212,18665551212,1 min,$0.0000,$0.0000,$0.0000,Incoming,
05/25/2023 18:47:37,18885551212,18665551212,1 min,$0.0000,$0.0000,$0.0000,Incoming,
05/25/2023 18:18:09,18885551212,18665551212,1 min,$0.0000,$0.0000,$0.0000,Incoming,
05/25/2023 17:52:10,18885551212,18665551212,1 min,$0.0000,$0.0000,$0.0000,Incoming,
05/25/2023 17:11:26,18885551212,18665551212,1 min,$0.0000,$0.0000,$0.0000,Incoming,
05/25/2023 16:16:27,18885551212,18665551212,1 min,$0.0000,$0.0000,$0.0000,Incoming,
05/25/2023 16:00:17,18885551212,18665551212,1 min,$0.0000,$0.0000,$0.0000,Incoming,
05/25/2023 14:35:17,18885551212,18665551212,2 min,$0.0000,$0.0000,$0.0000,Incoming,
05/25/2023 14:35:38,18885551212,18665551212,1 min,$0.0000,$0.0000,$0.0000,Incoming,100
05/25/2023 14:14:45,18885551212,18665551212,1 min,$0.0000,$0.0000,$0.0000,Incoming,
05/25/2023 13:48:22,18885551212,18665551212,1 min,$0.0000,$0.0000,$0.0000,Incoming,
05/25/2023 12:11:35,18885551212,18665551212,1 min,$0.0000,$0.0000,$0.0000,Incoming,
05/25/2023 10:48:44,18885551212,18665551212,1 min,$0.0000,$0.0000,$0.0000,Incoming,
05/25/2023 10:32:59,18885551212,18665551212,1 min,$0.0000,$0.0000,$0.0000,Incoming,
05/25/2023 10:00:48,18885551212,18665551212,1 min,$0.0000,$0.0000,$0.0000,Incoming,
05/25/2023 08:12:35,18885551212,18665551212,1 min,$0.0000,$0.0000,$0.0000,Incoming,
05/24/2023 19:52:23,18885551212,18665551212,1 min,$0.0000,$0.0000,$0.0000,Incoming,
05/24/2023 19:37:32,18885551212,18665551212,1 min,$0.0000,$0.0000,$0.0000,Incoming,
05/24/2023 18:14:18,18885551212,18665551212,1 min,$0.0000,$0.0000,$0.0000,Incoming,
05/24/2023 18:07:47,18885551212,18665551212,1 min,$0.0000,$0.0000,$0.0000,Incoming,
05/24/2023 17:51:57,18885551212,18665551212,15 min,$0.0000,$0.0000,$0.0000,Incoming,100
05/24/2023 17:40:46,18885551212,18665551212,1 min,$0.0000,$0.0000,$0.0000,Incoming,
05/24/2023 15:35:15,18885551212,18665551212,1 min,$0.0000,$0.0000,$0.0000,Incoming,
05/24/2023 14:37:53,18885551212,18665551212,1 min,$0.0000,$0.0000,$0.0000,Incoming,
05/24/2023 13:14:54,18885551212,18665551212,1 min,$0.0000,$0.0000,$0.0000,Incoming,
05/24/2023 12:27:13,18885551212,18665551212,1 min,$0.0000,$0.0000,$0.0000,Incoming,
05/24/2023 11:45:53,18885551212,18665551212,1 min,$0.0000,$0.0000,$0.0000,Incoming,
05/24/2023 11:35:36,18885551212,18665551212,1 min,$0.0000,$0.0000,$0.0000,Incoming,
05/24/2023 11:21:50,18885551212,18665551212,1 min,$0.0000,$0.0000,$0.0000,Incoming,
05/24/2023 09:50:09,18885551212,18665551212,1 min,$0.0000,$0.0000,$0.0000,Incoming,
05/24/2023 09:07:57,18885551212,18665551212,1 min,$0.0000,$0.0000,$0.0000,Incoming,
05/24/2023 08:39:34,18885551212,18665551212,1 min,$0.0000,$0.0000,$0.0000,Incoming,
05/23/2023 20:20:32,18885551212,18665551212,1 min,$0.0000,$0.0000,$0.0000,Incoming,
05/23/2023 18:28:02,18885551212,18665551212,1 min,$0.0000,$0.0000,$0.0000,Incoming,
05/23/2023 16:37:25,18885551212,18665551212,1 min,$0.0000,$0.0000,$0.0000,Incoming,
05/23/2023 16:13:41,18885551212,18665551212,1 min,$0.0000,$0.0000,$0.0000,Incoming,
05/23/2023 13:28:58,18885551212,18665551212,1 min,$0.0000,$0.0000,$0.0000,Incoming,
05/23/2023 11:21:41,18885551212,18665551212,1 min,$0.0000,$0.0000,$0.0000,Incoming,
05/23/2023 11:19:33,18885551212,18665551212,1 min,$0.0000,$0.0000,$0.0000,Incoming,
05/23/2023 09:22:28,18885551212,18665551212,1 min,$0.0000,$0.0000,$0.0000,Incoming,
05/23/2023 09:17:25,18885551212,18665551212,1 min,$0.0000,$0.0000,$0.0000,Incoming,
05/23/2023 08:12:04,18885551212,18665551212,1 min,$0.0000,$0.0000,$0.0000,Incoming,
05/22/2023 17:44:42,18885551212,18665551212,1 min,$0.0000,$0.0000,$0.0000,Incoming,
05/22/2023 15:12:31,18885551212,18665551212,1 min,$0.0000,$0.0000,$0.0000,Incoming,
05/22/2023 14:38:54,18885551212,18665551212,29 min,$0.0000,$0.0000,$0.0000,Incoming,
05/22/2023 14:39:01,18885551212,18665551212,29 min,$0.0000,$0.0000,$0.0000,Incoming,100
05/22/2023 14:38:19,18885551212,18665551212,0 min,$0.0000,$0.0000,$0.0000,Incoming,100
05/22/2023 14:29:26,18885551212,18665551212,1 min,$0.0000,$0.0000,$0.0000,Incoming,
05/22/2023 14:04:14,18885551212,18665551212,1 min,$0.0000,$0.0000,$0.0000,Incoming,
05/22/2023 13:41:56,18885551212,18665551212,1 min,$0.0000,$0.0000,$0.0000,Incoming,
05/22/2023 13:03:59,18885551212,18665551212,1 min,$0.0000,$0.0000,$0.0000,Incoming,
05/22/2023 12:23:01,18885551212,18665551212,1 min,$0.0000,$0.0000,$0.0000,Incoming,
05/22/2023 12:01:24,18885551212,18665551212,1 min,$0.0000,$0.0000,$0.0000,Incoming,
05/22/2023 09:59:46,18885551212,18665551212,1 min,$0.0000,$0.0000,$0.0000,Incoming,
05/22/2023 08:17:11,18885551212,18665551212,1 min,$0.0000,$0.0000,$0.0000,Incoming,
05/20/2023 12:25:02,18885551212,18665551212,39 min,$0.0000,$0.0000,$0.0000,United States Freephone,100
05/20/2023 12:06:50,18885551212,18665551212,1 min,$0.0000,$0.0000,$0.0000,Incoming,
05/20/2023 11:32:27,18885551212,18665551212,1 min,$0.0000,$0.0000,$0.0000,Incoming,
05/20/2023 11:01:58,18885551212,18665551212,5 min,$0.0000,$0.0000,$0.0000,Incoming,100
05/20/2023 10:51:55,18885551212,18665551212,1 min,$0.0000,$0.0000,$0.0000,Incoming,100
05/20/2023 10:50:11,18885551212,18665551212,1 min,$0.0000,$0.0000,$0.0000,Incoming,100
05/20/2023 08:23:31,18885551212,18665551212,2 min,$0.0000,$0.0000,$0.0000,Incoming,
05/20/2023 08:23:40,18885551212,18665551212,1 min,$0.0000,$0.0000,$0.0000,Incoming,100
05/19/2023 17:25:55,18885551212,18665551212,1 min,$0.0000,$0.0000,$0.0000,Incoming,
05/19/2023 16:02:37,18885551212,18665551212,1 min,$0.0000,$0.0000,$0.0000,Incoming,
05/19/2023 15:07:49,18885551212,18665551212,1 min,$0.0000,$0.0000,$0.0000,Incoming,
05/19/2023 14:32:38,18885551212,18665551212,1 min,$0.0000,$0.0000,$0.0000,Incoming,
05/19/2023 13:57:07,18885551212,18665551212,1 min,$0.0000,$0.0000,$0.0000,Incoming,
05/19/2023 13:39:47,18885551212,18665551212,1 min,$0.0000,$0.0000,$0.0000,Incoming,
05/19/2023 08:16:40,18885551212,18665551212,1 min,$0.0000,$0.0000,$0.0000,Incoming,
05/18/2023 20:17:43,18885551212,18665551212,1 min,$0.0000,$0.0000,$0.0000,Incoming,
05/18/2023 20:12:12,18885551212,18665551212,1 min,$0.0000,$0.0000,$0.0000,Incoming,
05/18/2023 17:01:43,18885551212,18665551212,1 min,$0.0000,$0.0000,$0.0000,Incoming,
05/18/2023 16:50:38,18885551212,18665551212,1 min,$0.0000,$0.0000,$0.0000,United States Domestic,100
05/18/2023 16:46:41,18885551212,18665551212,1 min,$0.0000,$0.0000,$0.0000,Incoming,
05/18/2023 16:21:39,18885551212,18665551212,1 min,$0.0000,$0.0000,$0.0000,Incoming,
05/18/2023 15:08:26,18885551212,18665551212,1 min,$0.0000,$0.0000,$0.0000,Incoming,
05/18/2023 13:22:14,18885551212,18665551212,1 min,$0.0000,$0.0000,$0.0000,Incoming,
05/18/2023 11:41:51,18885551212,18665551212,1 min,$0.0000,$0.0000,$0.0000,Incoming,
05/18/2023 10:52:57,18885551212,18665551212,1 min,$0.0000,$0.0000,$0.0000,Incoming,
05/18/2023 10:15:44,18885551212,18665551212,1 min,$0.0000,$0.0000,$0.0000,Incoming,
05/18/2023 09:21:36,18885551212,18665551212,1 min,$0.0000,$0.0000,$0.0000,Incoming,
05/17/2023 17:16:18,18885551212,18665551212,1 min,$0.0000,$0.0000,$0.0000,Incoming,
05/17/2023 15:53:35,18885551212,18665551212,5 min,$0.0000,$0.0000,$0.0000,Incoming,100
05/17/2023 15:53:29,18885551212,18665551212,5 min,$0.0000,$0.0000,$0.0000,Incoming,
05/17/2023 15:09:56,18885551212,18665551212,1 min,$0.0000,$0.0000,$0.0000,Incoming,
05/17/2023 14:05:14,18885551212,18665551212,1 min,$0.0000,$0.0000,$0.0000,Incoming,
05/17/2023 12:52:11,18885551212,18665551212,1 min,$0.0000,$0.0000,$0.0000,Incoming,
05/17/2023 11:08:37,18885551212,18665551212,1 min,$0.0000,$0.0000,$0.0000,Incoming,
05/17/2023 11:04:47,18885551212,18665551212,1 min,$0.0000,$0.0000,$0.0000,Incoming,
05/17/2023 10:57:56,18885551212,18665551212,1 min,$0.0000,$0.0000,$0.0000,Incoming,
05/17/2023 10:24:47,18885551212,18665551212,6 min,$0.0000,$0.0000,$0.0000,United States Domestic,100
05/17/2023 10:23:56,18885551212,18665551212,0 min,$0.0000,$0.0000,$0.0000,Invalid number,100
05/17/2023 09:49:37,18885551212,18665551212,1 min,$0.0000,$0.0000,$0.0000,Incoming,
05/17/2023 08:16:13,18885551212,18665551212,1 min,$0.0000,$0.0000,$0.0000,Incoming,
05/16/2023 19:03:02,18885551212,18665551212,1 min,$0.0000,$0.0000,$0.0000,Incoming,
05/16/2023 17:01:07,18885551212,18665551212,1 min,$0.0000,$0.0000,$0.0000,Incoming,
05/16/2023 16:55:14,18885551212,18665551212,1 min,$0.0000,$0.0000,$0.0000,Incoming,
05/16/2023 16:48:31,18885551212,18665551212,1 min,$0.0000,$0.0000,$0.0000,Incoming,
05/16/2023 16:33:34,18885551212,18665551212,1 min,$0.0000,$0.0000,$0.0000,Incoming,
05/16/2023 16:27:00,18885551212,18665551212,4 min,$0.0000,$0.0000,$0.0000,United States Domestic,100
05/16/2023 14:55:08,18885551212,18665551212,1 min,$0.0000,$0.0000,$0.0000,Incoming,
05/16/2023 13:54:41,18885551212,18665551212,8 min,$0.0000,$0.0000,$0.0000,United States Domestic,100
05/16/2023 13:59:10,18885551212,18665551212,1 min,$0.0000,$0.0000,$0.0000,Incoming,
05/16/2023 13:40:41,18885551212,18665551212,1 min,$0.0000,$0.0000,$0.0000,Incoming,
05/16/2023 13:17:02,18885551212,18665551212,5 min,$0.0000,$0.0000,$0.0000,Incoming,100
05/16/2023 13:16:55,18885551212,18665551212,5 min,$0.0000,$0.0000,$0.0000,Incoming,
05/16/2023 12:41:20,18885551212,18665551212,5 min,$0.0000,$0.0000,$0.0000,United States Domestic,100
05/16/2023 12:38:31,18885551212,18665551212,0 min,$0.0000,$0.0000,$0.0000,United States Domestic,100
05/16/2023 12:32:33,18885551212,18665551212,1 min,$0.0000,$0.0000,$0.0000,Incoming,
05/16/2023 12:32:23,18885551212,18665551212,1 min,$0.0000,$0.0000,$0.0000,Incoming,
05/16/2023 12:03:09,18885551212,18665551212,1 min,$0.0000,$0.0000,$0.0000,Incoming,
05/16/2023 11:00:59,18885551212,18665551212,1 min,$0.0000,$0.0000,$0.0000,Incoming,
05/16/2023 09:46:57,18885551212,18665551212,1 min,$0.0000,$0.0000,$0.0000,Incoming,
05/16/2023 08:11:25,18885551212,18665551212,1 min,$0.0000,$0.0000,$0.0000,Incoming,
05/16/2023 08:10:24,18885551212,18665551212,1 min,$0.0000,$0.0000,$0.0000,Incoming,
05/15/2023 18:40:51,18885551212,18665551212,1 min,$0.0000,$0.0000,$0.0000,Incoming,
05/15/2023 18:20:45,18885551212,18665551212,1 min,$0.0000,$0.0000,$0.0000,Incoming,
05/15/2023 15:28:23,18885551212,18665551212,64 min,$0.0000,$0.0000,$0.0000,Incoming,100
05/15/2023 15:45:25,18885551212,18665551212,1 min,$0.0000,$0.0000,$0.0000,Incoming,
05/15/2023 14:44:45,18885551212,18665551212,1 min,$0.0000,$0.0000,$0.0000,Incoming,
05/15/2023 13:53:35,18885551212,18665551212,1 min,$0.0000,$0.0000,$0.0000,Incoming,
05/15/2023 11:37:05,18885551212,18665551212,1 min,$0.0000,$0.0000,$0.0000,Incoming,
05/15/2023 10:26:30,18885551212,18665551212,1 min,$0.0000,$0.0000,$0.0000,Incoming,
05/15/2023 09:48:06,18885551212,18665551212,1 min,$0.0000,$0.0000,$0.0000,Incoming,
05/15/2023 08:47:08,18885551212,18665551212,2 min,$0.0000,$0.0000,$0.0000,Incoming,
05/15/2023 08:47:15,18885551212,18665551212,2 min,$0.0000,$0.0000,$0.0000,Incoming,100
05/15/2023 08:00:28,18885551212,18665551212,1 min,$0.0000,$0.0000,$0.0000,Incoming,
05/14/2023 15:57:14,18885551212,18665551212,2 min,$0.0000,$0.0000,$0.0000,Incoming,100
05/14/2023 15:55:06,18885551212,18665551212,1 min,$0.0000,$0.0000,$0.0000,Incoming,100
05/13/2023 20:06:01,18885551212,18665551212,1 min,$0.0000,$0.0000,$0.0000,United States Domestic,100
05/13/2023 13:57:30,18885551212,18665551212,1 min,$0.0000,$0.0000,$0.0000,Incoming,
05/13/2023 13:19:59,18885551212,18665551212,1 min,$0.0000,$0.0000,$0.0000,Incoming,
05/13/2023 12:07:56,18885551212,18665551212,1 min,$0.0000,$0.0000,$0.0000,Incoming,100
05/13/2023 12:07:49,18885551212,18665551212,1 min,$0.0000,$0.0000,$0.0000,Incoming,
05/13/2023 12:05:37,18885551212,18665551212,1 min,$0.0000,$0.0000,$0.0000,Incoming,
05/13/2023 10:53:48,18885551212,18665551212,1 min,$0.0000,$0.0000,$0.0000,Incoming,
05/13/2023 08:12:00,18885551212,18665551212,1 min,$0.0000,$0.0000,$0.0000,Incoming,
05/12/2023 20:47:29,18885551212,18665551212,1 min,$0.0000,$0.0000,$0.0000,Incoming,
05/12/2023 18:49:57,18885551212,18665551212,1 min,$0.0000,$0.0000,$0.0000,Incoming,
05/12/2023 18:48:00,18885551212,18665551212,1 min,$0.0000,$0.0000,$0.0000,Incoming,
05/12/2023 17:52:40,18885551212,18665551212,1 min,$0.0000,$0.0000,$0.0000,Incoming,
05/12/2023 17:36:06,18885551212,18665551212,1 min,$0.0000,$0.0000,$0.0000,Incoming,
05/12/2023 15:21:31,18885551212,18665551212,1 min,$0.0000,$0.0000,$0.0000,Incoming,
05/12/2023 14:40:01,18885551212,18665551212,1 min,$0.0000,$0.0000,$0.0000,Incoming,
05/12/2023 14:32:44,18885551212,18665551212,1 min,$0.0000,$0.0000,$0.0000,Incoming,
05/12/2023 14:09:13,18885551212,18665551212,1 min,$0.0000,$0.0000,$0.0000,Incoming,
05/12/2023 13:58:16,18885551212,18665551212,1 min,$0.0000,$0.0000,$0.0000,Incoming,
05/12/2023 13:14:26,18885551212,18665551212,1 min,$0.0000,$0.0000,$0.0000,Incoming,
05/12/2023 12:25:45,18885551212,18665551212,9 min,$0.0000,$0.0000,$0.0000,United States Freephone,100
05/12/2023 12:20:51,18885551212,18665551212,1 min,$0.0000,$0.0000,$0.0000,Incoming,
05/12/2023 11:23:29,18885551212,18665551212,1 min,$0.0000,$0.0000,$0.0000,Incoming,
05/12/2023 11:15:15,18885551212,18665551212,1 min,$0.0000,$0.0000,$0.0000,Incoming,
05/12/2023 10:24:55,18885551212,18665551212,1 min,$0.0000,$0.0000,$0.0000,Incoming,
05/12/2023 10:11:48,18885551212,18665551212,1 min,$0.0000,$0.0000,$0.0000,Incoming,
05/12/2023 08:22:11,18885551212,18665551212,1 min,$0.0000,$0.0000,$0.0000,Incoming,
05/11/2023 20:57:21,18885551212,18665551212,1 min,$0.0000,$0.0000,$0.0000,Incoming,
05/11/2023 18:33:22,18885551212,18665551212,1 min,$0.0000,$0.0000,$0.0000,Incoming,
05/11/2023 18:05:06,18885551212,18665551212,1 min,$0.0000,$0.0000,$0.0000,Incoming,
05/11/2023 17:22:34,18885551212,18665551212,1 min,$0.0000,$0.0000,$0.0000,Incoming,
05/11/2023 16:32:27,18885551212,18665551212,1 min,$0.0000,$0.0000,$0.0000,Incoming,
05/11/2023 15:33:20,18885551212,18665551212,1 min,$0.0000,$0.0000,$0.0000,Incoming,
05/11/2023 14:38:01,18885551212,18665551212,1 min,$0.0000,$0.0000,$0.0000,Incoming,
05/11/2023 14:27:59,18885551212,18665551212,1 min,$0.0000,$0.0000,$0.0000,Incoming,
05/11/2023 14:17:33,18885551212,18665551212,1 min,$0.0000,$0.0000,$0.0000,Incoming,
05/11/2023 14:07:16,18885551212,18665551212,1 min,$0.0000,$0.0000,$0.0000,Incoming,
05/11/2023 13:15:04,18885551212,18665551212,1 min,$0.0000,$0.0000,$0.0000,Incoming,
05/11/2023 11:57:33,18885551212,18665551212,1 min,$0.0000,$0.0000,$0.0000,Incoming,
05/11/2023 11:02:17,18885551212,18665551212,1 min,$0.0000,$0.0000,$0.0000,Incoming,
05/11/2023 10:29:47,18885551212,18665551212,1 min,$0.0000,$0.0000,$0.0000,Incoming,
05/11/2023 10:22:00,18885551212,18665551212,1 min,$0.0000,$0.0000,$0.0000,Incoming,
05/11/2023 10:13:03,18885551212,18665551212,1 min,$0.0000,$0.0000,$0.0000,Incoming,
05/11/2023 09:48:37,18885551212,18665551212,1 min,$0.0000,$0.0000,$0.0000,Incoming,
05/11/2023 08:39:29,18885551212,18665551212,1 min,$0.0000,$0.0000,$0.0000,Incoming,
05/10/2023 19:27:29,18885551212,18665551212,13 min,$0.0000,$0.0000,$0.0000,United States Domestic,100
05/10/2023 18:45:54,18885551212,18665551212,1 min,$0.0000,$0.0000,$0.0000,Incoming,
05/10/2023 18:36:10,18885551212,18665551212,1 min,$0.0000,$0.0000,$0.0000,Incoming,
05/10/2023 18:27:10,18885551212,18665551212,1 min,$0.0000,$0.0000,$0.0000,Incoming,100
05/10/2023 17:06:14,18885551212,18665551212,1 min,$0.0000,$0.0000,$0.0000,Incoming,
05/10/2023 16:22:25,18885551212,18665551212,1 min,$0.0000,$0.0000,$0.0000,Incoming,
05/10/2023 16:21:51,18885551212,18665551212,1 min,$0.0000,$0.0000,$0.0000,Incoming,
05/10/2023 15:19:10,18885551212,18665551212,1 min,$0.0000,$0.0000,$0.0000,Incoming,
05/10/2023 13:10:49,18885551212,18665551212,1 min,$0.0000,$0.0000,$0.0000,Incoming,
05/10/2023 12:27:44,18885551212,18665551212,1 min,$0.0000,$0.0000,$0.0000,Incoming,
05/10/2023 12:08:11,18885551212,18665551212,1 min,$0.0000,$0.0000,$0.0000,Incoming,100
05/10/2023 12:08:02,18885551212,18665551212,1 min,$0.0000,$0.0000,$0.0000,Incoming,
05/10/2023 10:40:04,18885551212,18665551212,1 min,$0.0000,$0.0000,$0.0000,Incoming,
05/10/2023 10:30:26,18885551212,18665551212,1 min,$0.0000,$0.0000,$0.0000,Incoming,
05/09/2023 20:14:56,18885551212,18665551212,1 min,$0.0000,$0.0000,$0.0000,Incoming,
05/09/2023 18:12:27,18885551212,18665551212,1 min,$0.0000,$0.0000,$0.0000,Incoming,
05/09/2023 16:46:56,18885551212,18665551212,1 min,$0.0000,$0.0000,$0.0000,Incoming,
05/09/2023 16:34:48,18885551212,18665551212,1 min,$0.0000,$0.0000,$0.0000,Incoming,
05/09/2023 13:51:01,18885551212,18665551212,1 min,$0.0000,$0.0000,$0.0000,Incoming,
05/09/2023 13:04:23,18885551212,18665551212,1 min,$0.0000,$0.0000,$0.0000,Incoming,
05/09/2023 12:27:33,18885551212,18665551212,1 min,$0.0000,$0.0000,$0.0000,Incoming,
05/09/2023 10:15:47,18885551212,18665551212,1 min,$0.0000,$0.0000,$0.0000,Incoming,
05/09/2023 10:05:39,18885551212,18665551212,1 min,$0.0000,$0.0000,$0.0000,Incoming,
05/09/2023 09:41:12,18885551212,18665551212,1 min,$0.0000,$0.0000,$0.0000,Incoming,
05/09/2023 09:29:06,18885551212,18665551212,1 min,$0.0000,$0.0000,$0.0000,Incoming,
05/09/2023 08:58:27,18885551212,18665551212,1 min,$0.0000,$0.0000,$0.0000,Incoming,
05/08/2023 21:34:55,18885551212,18665551212,19 min,$0.0000,$0.0000,$0.0000,Incoming,100
05/08/2023 19:17:49,18885551212,18665551212,1 min,$0.0000,$0.0000,$0.0000,Incoming,
05/08/2023 17:19:22,18885551212,18665551212,1 min,$0.0000,$0.0000,$0.0000,Incoming,
05/08/2023 16:00:18,18885551212,18665551212,1 min,$0.0000,$0.0000,$0.0000,Incoming,100
05/08/2023 14:57:13,18885551212,18665551212,1 min,$0.0000,$0.0000,$0.0000,Incoming,
05/08/2023 14:20:29,18885551212,18665551212,1 min,$0.0000,$0.0000,$0.0000,Incoming,
05/08/2023 14:18:58,18885551212,18665551212,1 min,$0.0000,$0.0000,$0.0000,Incoming,
05/08/2023 14:02:52,18885551212,18665551212,1 min,$0.0000,$0.0000,$0.0000,Incoming,
05/08/2023 12:01:04,18885551212,18665551212,7 min,$0.0000,$0.0000,$0.0000,United States Domestic,100
05/08/2023 11:45:40,18885551212,18665551212,1 min,$0.0000,$0.0000,$0.0000,Incoming,
05/08/2023 11:28:21,18885551212,18665551212,1 min,$0.0000,$0.0000,$0.0000,Incoming,
05/08/2023 11:18:20,18885551212,18665551212,6 min,$0.0000,$0.0000,$0.0000,Incoming,100
05/08/2023 10:21:37,18885551212,18665551212,1 min,$0.0000,$0.0000,$0.0000,Incoming,
05/06/2023 14:26:51,18885551212,18665551212,1 min,$0.0000,$0.0000,$0.0000,Incoming,
05/06/2023 12:36:00,18885551212,18665551212,2 min,$0.0000,$0.0000,$0.0000,United States Freephone,100
05/06/2023 12:26:46,18885551212,18665551212,7 min,$0.0000,$0.0000,$0.0000,United States Freephone,100
05/06/2023 12:20:44,18885551212,18665551212,1 min,$0.0000,$0.0000,$0.0000,Incoming,
05/06/2023 11:40:05,18885551212,18665551212,5 min,$0.0000,$0.0000,$0.0000,United States Freephone,100
05/06/2023 10:21:38,18885551212,18665551212,1 min,$0.0000,$0.0000,$0.0000,Incoming,
05/06/2023 09:39:48,18885551212,18665551212,1 min,$0.0000,$0.0000,$0.0000,Incoming,
05/05/2023 18:57:06,18885551212,18665551212,1 min,$0.0000,$0.0000,$0.0000,Incoming,
05/05/2023 16:43:37,18885551212,18665551212,1 min,$0.0000,$0.0000,$0.0000,Incoming,
05/05/2023 15:45:32,18885551212,18665551212,1 min,$0.0000,$0.0000,$0.0000,Incoming,
05/05/2023 15:19:16,18885551212,18665551212,1 min,$0.0000,$0.0000,$0.0000,Incoming,
05/05/2023 14:49:02,18885551212,18665551212,1 min,$0.0000,$0.0000,$0.0000,Incoming,
05/05/2023 13:24:34,18885551212,18665551212,1 min,$0.0000,$0.0000,$0.0000,Incoming,
05/05/2023 12:23:14,18885551212,18665551212,1 min,$0.0000,$0.0000,$0.0000,Incoming,
05/05/2023 11:17:07,18885551212,18665551212,1 min,$0.0000,$0.0000,$0.0000,Incoming,
05/05/2023 11:04:37,18885551212,18665551212,1 min,$0.0000,$0.0000,$0.0000,Incoming,
05/05/2023 10:49:25,18885551212,18665551212,1 min,$0.0000,$0.0000,$0.0000,Incoming,
05/05/2023 10:15:23,18885551212,18665551212,1 min,$0.0000,$0.0000,$0.0000,Incoming,
05/05/2023 09:06:14,18885551212,18665551212,1 min,$0.0000,$0.0000,$0.0000,Incoming,
05/04/2023 19:53:45,18885551212,18665551212,1 min,$0.0000,$0.0000,$0.0000,Incoming,
05/04/2023 13:51:54,18885551212,18665551212,1 min,$0.0000,$0.0000,$0.0000,Incoming,
05/04/2023 13:37:31,18885551212,18665551212,1 min,$0.0000,$0.0000,$0.0000,Incoming,
05/04/2023 12:42:00,18885551212,18665551212,1 min,$0.0000,$0.0000,$0.0000,Incoming,
05/04/2023 11:30:29,18885551212,18665551212,1 min,$0.0000,$0.0000,$0.0000,Incoming,
05/04/2023 09:51:43,18885551212,18665551212,1 min,$0.0000,$0.0000,$0.0000,Incoming,
05/04/2023 09:50:10,18885551212,18665551212,1 min,$0.0000,$0.0000,$0.0000,Incoming,
05/04/2023 09:31:03,18885551212,18665551212,1 min,$0.0000,$0.0000,$0.0000,Incoming,
05/03/2023 17:46:19,18885551212,18665551212,1 min,$0.0000,$0.0000,$0.0000,Incoming,
05/03/2023 16:52:38,18885551212,18665551212,1 min,$0.0000,$0.0000,$0.0000,Incoming,
05/03/2023 15:11:37,18885551212,18665551212,1 min,$0.0000,$0.0000,$0.0000,Incoming,
05/03/2023 14:51:35,18885551212,18665551212,1 min,$0.0000,$0.0000,$0.0000,Incoming,
05/03/2023 12:49:53,18885551212,18665551212,1 min,$0.0000,$0.0000,$0.0000,Incoming,
05/03/2023 11:17:06,18885551212,18665551212,1 min,$0.0000,$0.0000,$0.0000,Incoming,
05/03/2023 09:41:47,18885551212,18665551212,1 min,$0.0000,$0.0000,$0.0000,Incoming,
05/02/2023 19:17:05,18885551212,18665551212,1 min,$0.0000,$0.0000,$0.0000,Incoming,
05/02/2023 18:32:35,18885551212,18665551212,1 min,$0.0000,$0.0000,$0.0000,Incoming,
05/02/2023 16:51:05,18885551212,18665551212,1 min,$0.0000,$0.0000,$0.0000,Incoming,
05/02/2023 15:36:41,18885551212,18665551212,1 min,$0.0000,$0.0000,$0.0000,Incoming,
05/02/2023 11:49:59,18885551212,18665551212,8 min,$0.0000,$0.0000,$0.0000,United States Freephone,100
05/02/2023 11:07:15,18885551212,18665551212,1 min,$0.0000,$0.0000,$0.0000,Incoming,
05/01/2023 18:31:06,18885551212,18665551212,1 min,$0.0000,$0.0000,$0.0000,Incoming,
05/01/2023 17:35:44,18885551212,18665551212,1 min,$0.0000,$0.0000,$0.0000,Incoming,
05/01/2023 16:38:17,18885551212,18665551212,1 min,$0.0000,$0.0000,$0.0000,Incoming,
05/01/2023 16:24:08,18885551212,18665551212,1 min,$0.0000,$0.0000,$0.0000,Incoming,
05/01/2023 13:40:10,18885551212,18665551212,1 min,$0.0000,$0.0000,$0.0000,Incoming,
05/01/2023 13:19:33,18885551212,18665551212,1 min,$0.0000,$0.0000,$0.0000,Incoming,
05/01/2023 12:18:39,18885551212,18665551212,1 min,$0.0000,$0.0000,$0.0000,Incoming,
05/01/2023 09:51:34,18885551212,18665551212,1 min,$0.0000,$0.0000,$0.0000,Incoming,
05/01/2023 08:52:56,18885551212,18665551212,3 min,$0.0000,$0.0000,$0.0000,Incoming,100
